"State_Abbrev","year","State_Name","pop_millions","percapita_health_spending_thousands","medicaid_enroll_percapita","prev2years_drugusecalc","prev2years_aud","prev2years_marijuana","Gender_Male","Ethnicity_HispanicorLatino","Race_White","Insurance_Uninsured","Unemployment","Income","Forprofit","Government","Nonprofit","count_tx_total","overdose_rate","overdose_rate_lag"
"AK","2015","Alaska",0.738,11.46,0.172086720867209,1.2113,7.2493,12.1601,52.6181418886313,5.61395905300747,70.9035252727402,14.5,6.3,90920,13,21,54,88,16,16.8
"AK","2016","Alaska",0.743,11.761,0.224764468371467,1.75395,7.9877,14.7986,52.6181418886313,5.61395905300747,70.9035252727402,14.5,6.6,90860,12,26,56,94,16.8,16
"AK","2017","Alaska",0.741,12.303,0.264507422402159,1.54055,7.2969,16.6644,52.6181418886313,5.61395905300747,70.9035252727402,13.9,6.5,91960,12,24,53,89,20.2,16.8
"AK","2018","Alaska",0.737,12.695,0.283582089552239,1.4914,7.0591,16.5942,52.6181418886313,5.61395905300747,70.9035252727402,12,6,79450,10,28,53,91,14.6,20.2
"AK","2019","Alaska",0.734,13.226,0.295640326975477,1.47805,7.4148,17.5117,52.458506655386,6.40572997734837,68.7635245434873,11.5,5.6,89290,16,28,52,96,17.8,14.6
"AL","2015","Alabama",4.855,7.657,0.2129763130793,0.76845,6.0645,5.6292,47.7593935905436,3.20733482850412,71.3531564388278,10.2,6.1,53880,37,14,88,139,15.7,15.2
"AL","2016","Alabama",4.867,7.968,0.215327717279638,0.7985,4.8974,5.3685,47.7593935905436,3.20733482850412,71.3531564388278,9.2,5.9,56660,42,13,81,136,16.2,15.7
"AL","2017","Alabama",4.878,8.154,0.212177121771218,0.82205,4.4158,5.2544,47.7593935905436,3.20733482850412,71.3531564388278,9.5,4.5,59980,40,12,77,129,18,16.2
"AL","2018","Alabama",4.892,8.343,0.210547833197056,1.041,4.81,6.4844,47.7593935905436,3.20733482850412,71.3531564388278,10.2,3.9,57720,38,14,80,132,16.6,18
"AL","2019","Alabama",4.908,8.741,0.213121434392828,1.0911,4.9973,8.5262,47.5800670186042,3.49907494636365,70.4291274856398,9.7,3.2,64010,52,15,86,153,16.3,16.6
"AR","2015","Arkansas",2.98,7.62,0.326845637583893,0.59335,5.5113,6.754,48.4708076195096,5.47138641652685,81.4909775628426,9.4,5,51810,11,5,60,76,13.8,18.2
"AR","2016","Arkansas",2.992,8.079,0.311497326203209,0.6532,5.1063,7.2504,48.4708076195096,5.47138641652685,81.4909775628426,8,4,55080,20,6,87,113,14,13.8
"AR","2017","Arkansas",3.004,8.409,0.318242343541944,0.7641,5.2777,7.1321,48.4708076195096,5.47138641652685,81.4909775628426,8,3.7,58660,19,6,93,118,15.5,14
"AR","2018","Arkansas",3.012,8.545,0.302124833997344,0.9249,5.7279,8.4446,48.4708076195096,5.47138641652685,81.4909775628426,8.3,3.7,57540,23,6,115,144,15.7,15.5
"AR","2019","Arkansas",3.021,8.853,0.277060575968222,0.87595,5.6511,8.9102,48.4443032364976,6.38173221340295,80.5335936004635,9.1,3.5,62120,37,7,123,167,13.5,15.7
"AZ","2015","Arizona",6.833,6.885,0.232694277769647,1.35935,8.0634,8.8497,49.2866897532053,26.1107356391961,85.4668245642366,11.1,6.1,63250,130,35,176,341,19,12.6
"AZ","2016","Arizona",6.945,7.189,0.24996400287977,1.51485,7.0632,8.5918,49.2866897532053,26.1107356391961,85.4668245642366,10,5.5,68510,145,35,178,358,20.3,19
"AZ","2017","Arizona",7.048,7.539,0.251844494892168,1.34935,5.6647,7.4881,49.2866897532053,26.1107356391961,85.4668245642366,10,5,70390,134,32,175,341,22.2,20.3
"AZ","2018","Arizona",7.164,7.816,0.237297599106644,1.323,5.8779,8.5933,49.2866897532053,26.1107356391961,85.4668245642366,10.6,4.8,71990,160,30,217,407,23.8,22.2
"AZ","2019","Arizona",7.292,8.145,0.233817882611081,1.19525,5.7039,11.4082,49.3022090165936,27.9524703563608,84.0990698244072,11.1,4.8,80500,191,30,225,446,26.8,23.8
"CA","2015","California",38.904,7.998,0.29541949413942,1.2366,7.0675,9.2534,49.2134434311235,34.0441374377156,73.7583692693685,8.5,6.3,77030,402,175,822,1399,11.3,11.1
"CA","2016","California",39.149,8.325,0.277989220669749,1.2474,6.9505,9.8151,49.2134434311235,34.0441374377156,73.7583692693685,7.4,5.5,79960,471,174,785,1430,11.2,11.3
"CA","2017","California",39.338,8.594,0.277594183740912,1.42535,6.8181,10.8367,49.2134434311235,34.0441374377156,73.7583692693685,7.2,4.8,82580,443,169,699,1311,11.7,11.2
"CA","2018","California",39.437,9.069,0.284808682201993,1.5553,5.8678,11.782,49.2134434311235,34.0441374377156,73.7583692693685,7.2,4.2,81480,562,196,744,1502,12.8,11.7
"CA","2019","California",39.438,9.628,0.276687458796085,1.6181,6.302,12.4628,49.3179521245001,35.708323458186,71.940509166853,7.8,4.1,88960,780,209,808,1797,15,12.8
"CO","2015","Colorado",5.454,7.075,0.189402273560689,1.52155,7.9271,15.1701,49.8356349241603,17.9757597805719,89.1095450361797,8.1,3.7,80610,220,24,159,403,15.4,16.3
"CO","2016","Colorado",5.544,7.323,0.204365079365079,1.6722,7.911,17.1216,49.8356349241603,17.9757597805719,89.1095450361797,7.7,3.1,84670,200,23,176,399,16.6,15.4
"CO","2017","Colorado",5.617,7.615,0.205803809862916,1.4719,6.7942,16.6168,49.8356349241603,17.9757597805719,89.1095450361797,7.5,2.6,88420,192,23,166,381,17.6,16.6
"CO","2018","Colorado",5.697,7.998,0.192381955415131,1.5858,6.7287,17.1771,49.8356349241603,17.9757597805719,89.1095450361797,7.7,3,84420,219,24,161,404,16.8,17.6
"CO","2019","Colorado",5.758,8.286,0.182181312955887,2.2512,8.9442,18.1246,50.174451937475,19.0508135277942,88.0508364074652,7.8,2.7,82580,225,24,159,408,18,16.8
"CT","2015","Connecticut",3.589,10.294,0.254667038172193,1.46715,7.1792,8.5585,48.0842173666058,12.6442293677974,83.2165326367713,6.1,5.6,88230,17,13,185,215,22.1,17.6
"CT","2016","Connecticut",3.58,10.705,0.276256983240223,1.77715,7.3222,9.7221,48.0842173666058,12.6442293677974,83.2165326367713,4.9,4.8,91100,18,13,193,224,27.4,22.1
"CT","2017","Connecticut",3.575,10.989,0.28979020979021,1.7177,7.1776,9.4982,48.0842173666058,12.6442293677974,83.2165326367713,5.6,4.4,87620,16,13,181,210,30.9,27.4
"CT","2018","Connecticut",3.575,11.378,0.297342657342657,1.86055,6.444,10.8581,48.0842173666058,12.6442293677974,83.2165326367713,5.3,3.9,84160,20,12,188,220,30.7,30.9
"CT","2019","Connecticut",3.566,11.831,0.304823331463825,1.3213,6.387,12.4223,48.1935660232596,14.7001735275696,81.1655303652111,5.9,3.6,99420,18,12,190,220,34.7,30.7
"DC","2015","District of Columbia",0.677,12.5,0.384047267355982,2.0886,10.1963,12.7153,46.8390090928299,9.31913126962298,46.2307199015469,3.7,6.9,84820,7,1,25,33,NA,NA
"DC","2016","District of Columbia",0.688,12.851,0.390988372093023,1.99895,8.5512,12.1021,46.8390090928299,9.31913126962298,46.2307199015469,4,6.2,85170,6,1,27,34,NA,NA
"DC","2017","District of Columbia",0.697,13.131,0.403156384505022,2.05425,8.9087,14.4135,46.8390090928299,9.31913126962298,46.2307199015469,3.6,6.1,95840,5,2,20,27,NA,NA
"DC","2018","District of Columbia",0.704,13.487,0.399147727272727,2.4769,9.4754,17.6678,46.8390090928299,9.31913126962298,46.2307199015469,3.2,5.7,99110,5,2,17,24,NA,NA
"DC","2019","District of Columbia",0.708,13.934,0.396892655367232,2.59005,10.5659,17.0902,46.7161007821803,10.0089436344242,48.4016053737629,3.6,5.5,106100,6,2,18,26,NA,NA
"DE","2015","Delaware",0.942,10.714,0.250530785562633,1.597,6.5291,8.2263,47.7182212033493,7.00020260275151,73.3828553666138,5.6,4.8,69910,12,2,24,38,22,20.9
"DE","2016","Delaware",0.95,10.933,0.250526315789474,1.7515,6.2066,8.1095,47.7182212033493,7.00020260275151,73.3828553666138,5.8,4.5,69650,18,2,27,47,30.8,22
"DE","2017","Delaware",0.958,11.444,0.252609603340292,1.43115,6.5099,9.028,47.7182212033493,7.00020260275151,73.3828553666138,5.6,4.5,76600,15,1,18,34,37,30.8
"DE","2018","Delaware",0.967,11.771,0.253360910031024,1.54735,6.5552,10.1837,47.7182212033493,7.00020260275151,73.3828553666138,5.8,3.7,75140,19,1,20,40,43.8,37
"DE","2019","Delaware",0.977,12.213,0.249744114636643,1.6422,6.618,11.4371,47.6995876515559,7.7590124351862,71.2920035473618,6.6,3.6,84510,19,1,24,44,48,43.8
"FL","2015","Florida",20.219,8.33,0.185716405361294,1.2099,6.3059,7.5887,48.3293289881874,22.402095757558,80.1209186011556,13.4,5.5,59100,321,34,314,669,16.2,13.2
"FL","2016","Florida",20.627,8.519,0.186163765937848,1.12635,6.1937,7.8732,48.3293289881874,22.402095757558,80.1209186011556,12.5,4.9,61400,366,36,314,716,23.7,16.2
"FL","2017","Florida",20.977,8.814,0.185536540020022,0.9843,5.9294,7.7032,48.3293289881874,22.402095757558,80.1209186011556,12.9,4.3,62600,352,34,282,668,25.1,23.7
"FL","2018","Florida",21.255,9.148,0.174123735591626,1.19445,5.5681,8.7477,48.3293289881874,22.402095757558,80.1209186011556,13.2,3.6,63160,395,34,297,726,22.8,25.1
"FL","2019","Florida",21.492,9.49,0.16820212171971,1.21955,4.779,9.4716,48.3493102857448,24.9535102061416,79.1655437632753,13.1,3.3,66480,397,33,295,725,25.5,22.8
"GA","2015","Georgia",10.183,7.055,0.181577138367868,0.8713,6.6125,7.9572,48.0553460563499,7.48238315617487,64.0431374067098,13.9,6.1,61450,157,77,88,322,12.7,11.9
"GA","2016","Georgia",10.308,7.353,0.18383779588669,1.00915,5.8573,7.8868,48.0553460563499,7.48238315617487,64.0431374067098,12.9,5.4,64230,163,65,86,314,13.3,12.7
"GA","2017","Georgia",10.417,7.605,0.186042046654507,1.12995,4.7936,7.3114,48.0553460563499,7.48238315617487,64.0431374067098,13.4,4.8,68370,156,60,76,292,14.7,13.3
"GA","2018","Georgia",10.519,7.844,0.190322273980416,1.0541,4.7759,6.8886,48.0553460563499,7.48238315617487,64.0431374067098,13.8,4,64520,177,66,89,332,13.2,14.7
"GA","2019","Georgia",10.628,8.243,0.190252164094844,1.0829,4.8572,8.4711,47.906728628604,8.26830403634492,61.6240742981853,13.4,3.6,64500,199,66,93,358,13.1,13.2
"HI","2015","Hawaii",1.423,7.747,0.22487702037948,0.88905,7.1933,7.9244,49.8770824166033,7.78326502558359,28.272316996447,3.8,3.4,78090,21,6,142,169,11.3,10.9
"HI","2016","Hawaii",1.429,8.041,0.247725682295311,1.1114,5.6379,8.1108,49.8770824166033,7.78326502558359,28.272316996447,3.5,2.9,86550,26,6,142,174,12.8,11.3
"HI","2017","Hawaii",1.426,8.496,0.253155680224404,1.17125,5.2548,8.3243,49.8770824166033,7.78326502558359,28.272316996447,3.8,2.2,86780,23,7,138,168,13.8,12.8
"HI","2018","Hawaii",1.423,8.932,0.245959241040056,1.127,5.5091,8.3134,49.8770824166033,7.78326502558359,28.272316996447,3.9,2.4,92590,27,6,135,168,14.3,13.8
"HI","2019","Hawaii",1.416,9.555,0.236581920903955,1.27105,5.5463,9.1104,49.7334697490405,8.56552075083587,27.4676669688836,4.1,2.5,100200,29,5,133,167,15.9,14.3
"IA","2015","Iowa",3.123,8.358,0.212616074287544,0.76925,6.5925,5.0021,49.1515300253994,4.21170416735132,93.5731456602428,4.9,3.7,73660,23,10,118,151,10.3,8.8
"IA","2016","Iowa",3.133,8.464,0.224066390041494,0.62685,6.7489,4.7242,49.1515300253994,4.21170416735132,93.5731456602428,4,3.6,70900,25,11,127,163,10.6,10.3
"IA","2017","Iowa",3.144,8.525,0.225508905852417,0.7308,6.8289,5.4809,49.1515300253994,4.21170416735132,93.5731456602428,4.4,3.1,74840,27,8,128,163,11.5,10.6
"IA","2018","Iowa",3.15,8.812,0.226031746031746,0.88415,7.5784,6.8031,49.1515300253994,4.21170416735132,93.5731456602428,4.9,2.6,79430,31,8,128,167,9.6,11.5
"IA","2019","Iowa",3.16,9.193,0.225949367088608,0.92925,7.1763,7.2106,49.3743808066406,5.06861556898343,91.941325658797,4.7,2.7,75240,36,6,145,187,11.5,9.6
"ID","2015","Idaho",1.652,6.843,0.14406779661017,0.63815,7.0659,6.3367,49.6914795962355,9.70917936953644,94.5188180541069,11.3,3.9,62490,101,15,16,132,14.2,13.7
"ID","2016","Idaho",1.684,6.974,0.150237529691211,0.69335,6.4199,6.3242,49.6914795962355,9.70917936953644,94.5188180541069,10.3,3.7,67870,113,15,15,143,15.2,14.2
"ID","2017","Idaho",1.72,7.257,0.152325581395349,0.83175,5.8976,7.0716,49.6914795962355,9.70917936953644,94.5188180541069,10.7,3.2,70160,99,13,12,124,14.4,15.2
"ID","2018","Idaho",1.752,7.444,0.139840182648402,0.90455,6.3295,7.7751,49.6914795962355,9.70917936953644,94.5188180541069,11.1,2.9,67880,104,15,14,133,14.6,14.4
"ID","2019","Idaho",1.789,7.723,0.133035215204025,0.9055,5.9095,8.4462,49.8055847224045,10.9182784665131,93.7680469877937,10.5,2.9,75160,101,12,11,124,15.1,14.6
"IL","2015","Illinois",12.86,8.3,0.252566096423017,1.07095,6.5777,7.7349,48.4863608244435,14.0071272273092,78.7722746116184,7.1,6,73130,263,25,366,654,14.1,13.1
"IL","2016","Illinois",12.822,8.63,0.256044298861332,1.1438,6.4276,8.0563,48.4863608244435,14.0071272273092,78.7722746116184,6.5,5.9,73650,275,32,368,675,18.9,14.1
"IL","2017","Illinois",12.78,8.849,0.254851330203443,1.0699,5.9552,8.0263,48.4863608244435,14.0071272273092,78.7722746116184,6.9,4.9,77790,263,26,344,633,21.6,18.9
"IL","2018","Illinois",12.725,9.118,0.248408644400786,1.18395,6.6494,9.0108,48.4863608244435,14.0071272273092,78.7722746116184,7.1,4.4,81080,266,29,384,679,21.3,21.6
"IL","2019","Illinois",12.667,9.496,0.236046419831057,1.3359,6.4306,9.9303,48.5872114951666,15.3658916688368,77.6543155353384,7.3,4,84740,287,39,449,775,21.9,21.3
"IN","2015","Indiana",6.611,8.368,0.182120707911057,0.82355,7.0967,7.6377,48.659320471975,5.13848401619798,87.686185426108,9.9,4.8,62930,76,11,176,263,19.5,18.2
"IN","2016","Indiana",6.638,8.776,0.204880988249473,0.8067,6.3019,8.7862,48.659320471975,5.13848401619798,87.686185426108,8.1,4.4,67310,78,11,176,265,24,19.5
"IN","2017","Indiana",6.662,9.015,0.21314920444311,0.9378,5.7154,8.9138,48.659320471975,5.13848401619798,87.686185426108,8.4,3.5,69290,115,11,179,305,29.4,24
"IN","2018","Indiana",6.698,9.297,0.206778142729173,1.37305,5.6311,9.5877,48.659320471975,5.13848401619798,87.686185426108,8.5,3.4,69230,145,14,209,368,25.6,29.4
"IN","2019","Indiana",6.731,9.927,0.205467241123162,1.4187,5.1521,10.5726,48.7458528160166,5.98213550551327,86.2119076610415,8.8,3.3,75960,167,11,215,393,26.6,25.6
"KS","2015","Kansas",2.911,7.634,0.126417038818276,0.8494,7.9213,6.393,49.2608219746287,8.90834303095943,88.4492631724488,9.3,4.2,66410,72,33,103,208,11.8,11.7
"KS","2016","Kansas",2.913,7.845,0.137315482320632,0.6987,6.3657,7.3762,49.2608219746287,8.90834303095943,88.4492631724488,8.4,4,68160,69,30,102,201,11.1,11.8
"KS","2017","Kansas",2.911,8.06,0.130882858124356,0.7953,5.3825,6.9999,49.2608219746287,8.90834303095943,88.4492631724488,8.5,3.6,67090,61,22,99,182,11.8,11.1
"KS","2018","Kansas",2.913,8.381,0.128733264675592,1.00875,5.8711,6.7791,49.2608219746287,8.90834303095943,88.4492631724488,8.7,3.4,73900,59,29,91,179,12.4,11.8
"KS","2019","Kansas",2.913,8.745,0.124957088911775,1.0022,5.4972,6.5446,49.3554578501453,10.1526242525491,87.4689193381639,9.2,3.2,83320,58,28,93,179,14.3,12.4
"KY","2015","Kentucky",4.429,8.306,0.27884398284037,1.1076,5.8569,6.8634,48.6794732939896,2.70292198452666,89.6173796107502,6.1,5.2,51310,144,8,182,334,29.9,24.7
"KY","2016","Kentucky",4.44,8.611,0.293693693693694,1.13925,5.947,7.1327,48.6794732939896,2.70292198452666,89.6173796107502,5.2,5,54440,169,8,186,363,33.5,29.9
"KY","2017","Kentucky",4.456,8.959,0.302962298025135,1.13265,5.7121,7.1139,48.6794732939896,2.70292198452666,89.6173796107502,5.5,4.8,58570,167,6,186,359,37.2,33.5
"KY","2018","Kentucky",4.464,9.332,0.296146953405018,1.05495,5.2802,7.946,48.6794732939896,2.70292198452666,89.6173796107502,5.6,4.2,63060,207,7,204,418,30.9,37.2
"KY","2019","Kentucky",4.472,9.744,0.286449016100179,1.14105,4.9593,8.4228,48.6862027573206,3.13459014894998,88.6587004844471,6.4,4.1,63400,227,5,217,449,32.5,30.9
"LA","2015","Louisiana",4.667,8.201,0.272123419755732,1.0293,6.4005,6.1745,48.2792178589036,4.34734096392264,65.728555049658,12.1,6.3,55590,57,47,55,159,19,16.9
"LA","2016","Louisiana",4.681,8.542,0.297585985900449,1.0235,7.0396,6.4257,48.2792178589036,4.34734096392264,65.728555049658,10.2,6.1,50630,60,43,54,157,21.8,19
"LA","2017","Louisiana",4.674,8.984,0.322635857937527,1.03635,6.9264,6.9367,48.2792178589036,4.34734096392264,65.728555049658,8.3,5.1,51370,53,42,41,136,24.5,21.8
"LA","2018","Louisiana",4.664,9.217,0.322041166380789,0.89275,6.5703,7.8025,48.2792178589036,4.34734096392264,65.728555049658,7.9,4.8,57760,64,40,41,145,25.4,24.5
"LA","2019","Louisiana",4.658,9.657,0.31859167024474,0.924,6.8975,7.959,48.1220464530253,4.7087206824163,64.7029645673848,8.9,4.6,58890,69,42,35,146,28.3,25.4
"MA","2015","Massachusetts",6.797,11.01,0.234073856112991,1.43375,7.0033,12.0134,47.77652052622,9.06949633532905,84.395430860276,2.8,4.8,82150,66,15,240,321,25.7,19
"MA","2016","Massachusetts",6.827,11.49,0.239197304819101,1.4279,7.0388,11.9083,47.77652052622,9.06949633532905,84.395430860276,2.5,4,86710,79,13,263,355,33,25.7
"MA","2017","Massachusetts",6.864,11.746,0.233245920745921,1.6934,7.9678,12.1356,47.77652052622,9.06949633532905,84.395430860276,2.8,3.8,89900,85,9,257,351,31.8,33
"MA","2018","Massachusetts",6.886,12.215,0.232355503920999,1.8625,7.5628,13.781,47.77652052622,9.06949633532905,84.395430860276,2.7,3.5,99800,125,14,275,414,32.8,31.8
"MA","2019","Massachusetts",6.895,12.729,0.220739666424946,1.8419,7.1025,13.9824,47.9197901996438,10.7164461274928,81.9937241800974,3,3,99900,135,14,289,438,32.1,32.8
"MD","2015","Maryland",5.989,9.001,0.194857238270162,0.9606,7.0604,8.6053,47.7065846510669,7.79698344668113,62.0873240838739,6.7,5,89090,191,59,132,382,20.9,17.4
"MD","2016","Maryland",6.007,9.321,0.2037622773431,1.28115,6.9675,9.6645,47.7065846510669,7.79698344668113,62.0873240838739,6.1,4.3,88500,205,51,146,402,33.2,20.9
"MD","2017","Maryland",6.028,9.592,0.218480424684804,1.26065,6.3409,10.4673,47.7065846510669,7.79698344668113,62.0873240838739,6.1,4,96800,203,46,138,387,36.3,33.2
"MD","2018","Maryland",6.042,9.934,0.217477656405164,1.43505,5.7614,11.0364,47.7065846510669,7.79698344668113,62.0873240838739,6,3.8,99660,233,41,139,413,37.2,36.3
"MD","2019","Maryland",6.055,10.248,0.218662262592898,1.22155,5.1042,10.1857,47.7113130686947,8.961647517068,59.7783163815887,5.9,3.4,108900,261,40,130,431,38.2,37.2
"ME","2015","Maine",1.329,9.591,0.229495861550038,1.00395,5.9699,12.9143,48.3989238953189,1.16387341423185,96.1176401088107,8.6,4.4,61440,100,10,98,208,21.2,16.8
"ME","2016","Maine",1.332,10.018,0.225975975975976,1.25215,5.5744,13.9832,48.3989238953189,1.16387341423185,96.1176401088107,7.9,3.8,61020,132,7,90,229,28.7,21.2
"ME","2017","Maine",1.336,10.399,0.220808383233533,1.21245,5.9669,15.1183,48.3989238953189,1.16387341423185,96.1176401088107,7.8,3.4,62870,104,6,89,199,34.4,28.7
"ME","2018","Maine",1.34,10.95,0.214179104477612,1.25255,5.9084,16.308,48.3989238953189,1.16387341423185,96.1176401088107,7.8,3.2,67810,88,8,85,181,27.9,34.4
"ME","2019","Maine",1.346,11.488,0.227340267459138,1.42925,6.4512,17.0937,48.450591154576,1.51519851116625,95.3410086118815,8.1,2.9,75800,99,8,79,186,29.9,27.9
"MI","2015","Michigan",9.934,8.372,0.242601167706865,0.7241,6.4925,10.404,48.5175588971254,3.78693708855508,81.6047362969109,6,5.4,65610,153,55,255,463,20.4,18
"MI","2016","Michigan",9.954,8.707,0.253767329716697,0.85945,5.9693,10.2894,48.5175588971254,3.78693708855508,81.6047362969109,5.3,5,68500,162,62,255,479,24.4,20.4
"MI","2017","Michigan",9.977,8.94,0.234338979653202,0.9648,6.1015,10.8094,48.5175588971254,3.78693708855508,81.6047362969109,5.1,4.6,66510,162,54,240,456,27.8,24.4
"MI","2018","Michigan",9.987,9.142,0.263542605387003,1.0787,5.8576,12.002,48.5175588971254,3.78693708855508,81.6047362969109,5.4,4.2,69870,170,56,239,465,26.6,27.8
"MI","2019","Michigan",9.985,9.532,0.260390585878818,1.15995,5.6752,13.0815,48.7319666837064,4.42515822994691,80.7574349963931,5.8,4.1,73030,166,57,244,467,24.4,26.6
"MN","2015","Minnesota",5.484,9.163,0.220824215900802,0.7839,6.7233,7.3354,49.2536414824214,3.92057347801981,88.4333591972623,4.5,3.8,83200,144,45,163,352,10.6,9.6
"MN","2016","Minnesota",5.525,9.54,0.223891402714932,0.9944,6.7532,7.738,49.2536414824214,3.92057347801981,88.4333591972623,4.2,3.9,84250,165,44,161,370,12.5,10.6
"MN","2017","Minnesota",5.569,9.782,0.214939845573712,1.0992,6.0909,7.4705,49.2536414824214,3.92057347801981,88.4333591972623,4.5,3.5,82510,162,43,151,356,13.3,12.5
"MN","2018","Minnesota",5.609,10.174,0.206632198252808,1.0354,5.4074,7.9063,49.2536414824214,3.92057347801981,88.4333591972623,4.3,3,83010,170,45,163,378,11.5,13.3
"MN","2019","Minnesota",5.64,10.51,0.199290780141844,1.479,5.5727,9.8126,49.4365368709621,4.54134703116854,86.2773848522461,4.8,3.3,92740,185,45,173,403,14.2,11.5
"MO","2015","Missouri",6.075,8.261,0.177119341563786,0.74195,6.7544,8.1361,48.4042903615418,3.10134063033523,85.0768488835975,9.8,5.1,71660,60,12,193,265,17.9,18.2
"MO","2016","Missouri",6.091,8.608,0.192743391889673,0.8475,6.5394,8.1698,48.4042903615418,3.10134063033523,85.0768488835975,9,4.5,66010,67,14,205,286,23.6,17.9
"MO","2017","Missouri",6.111,8.824,0.193585337915235,0.8645,6.1682,8.3202,48.4042903615418,3.10134063033523,85.0768488835975,9.1,3.7,66660,61,11,185,257,23.4,23.6
"MO","2018","Missouri",6.126,9.032,0.184296441397323,1.0143,5.6799,8.6844,48.4042903615418,3.10134063033523,85.0768488835975,9.4,3.2,71350,61,11,201,273,27.5,23.4
"MO","2019","Missouri",6.14,9.431,0.166938110749186,0.9152,5.3558,8.8062,48.4539755573703,3.62067257938483,84.286805999112,10.1,3.2,69020,63,9,209,281,26.9,27.5
"MS","2015","Mississippi",2.99,7.777,0.251170568561873,0.62455,6.1892,5.874,47.801564499213,2.54497314122551,62.0856499433011,12.5,6.5,48460,16,38,45,99,12.3,11.6
"MS","2016","Mississippi",2.991,8.17,0.252089602139753,0.6159,5.4831,5.3619,47.801564499213,2.54497314122551,62.0856499433011,11.8,5.9,49310,17,26,52,95,12.1,12.3
"MS","2017","Mississippi",2.991,8.392,0.249414911400869,0.8127,4.8791,5.7715,47.801564499213,2.54497314122551,62.0856499433011,12.1,5.2,51030,16,22,51,89,12.2,12.1
"MS","2018","Mississippi",2.983,8.417,0.238350653704325,0.8195,4.7694,7.1683,47.801564499213,2.54497314122551,62.0856499433011,12.3,4.9,49450,22,23,53,98,10.8,12.2
"MS","2019","Mississippi",2.978,8.745,0.235392881128274,0.91005,4.7119,7.2055,47.7212044544853,2.83073403495588,60.8857351915489,12.9,5.5,51010,30,26,54,110,13.6,10.8
"MT","2015","Montana",1.031,8.344,0.127061105722599,0.76895,8.0422,10.1997,49.9609980448371,2.67961160130884,91.3613201908563,11.6,4.3,62210,9,18,39,66,13.8,12.4
"MT","2016","Montana",1.042,8.68,0.200575815738964,0.8774,7.366,11.3184,49.9609980448371,2.67961160130884,91.3613201908563,8.4,4.3,68480,8,18,38,64,11.7,13.8
"MT","2017","Montana",1.054,9.03,0.22865275142315,1.10655,7.6467,12.3598,49.9609980448371,2.67961160130884,91.3613201908563,9.1,4.1,67690,13,16,41,70,11.7,11.7
"MT","2018","Montana",1.062,9.354,0.241996233521657,1.17895,8.0118,13.3965,49.9609980448371,2.67961160130884,91.3613201908563,8.1,3.7,66670,17,17,38,72,12.2,11.7
"MT","2019","Montana",1.07,9.808,0.236448598130841,1.1734,7.8748,14.906,50.0675792138939,3.34829149999703,90.8022134124234,8.3,3.5,68560,30,14,44,88,14.1,12.2
"NC","2015","North Carolina",10.037,7.594,0.178340141476537,0.93555,6.5076,6.7237,48.0095415952431,6.88614380177,73.3427783458768,11.3,5.7,61490,222,34,184,440,15.8,13.8
"NC","2016","North Carolina",10.162,7.886,0.186675851210392,1.06965,5.6234,7.4308,48.0095415952431,6.88614380177,73.3427783458768,10.5,5.1,64510,260,35,194,489,19.7,15.8
"NC","2017","North Carolina",10.276,8.105,0.19200077851304,1.2012,4.9597,7.9157,48.0095415952431,6.88614380177,73.3427783458768,10.7,4.5,58420,252,36,184,472,24.1,19.7
"NC","2018","North Carolina",10.391,8.285,0.193436627851025,1.24945,4.6949,8.117,48.0095415952431,6.88614380177,73.3427783458768,10.9,4,61690,279,38,196,513,22.4,24.1
"NC","2019","North Carolina",10.501,8.619,0.19150557089801,1.142,5.1037,7.9077,47.9794139929705,7.73085448886948,72.1584563788684,11.4,3.9,69660,313,38,201,552,22.3,22.4
"ND","2015","North Dakota",0.756,9.357,0.111111111111111,0.8467,8.1495,5.791,51.068624262417,2.24017955746804,91.3893545009096,8.3,2.8,69500,30,17,17,64,8.6,6.3
"ND","2016","North Dakota",0.756,9.682,0.123015873015873,0.731,7.441,5.9227,51.068624262417,2.24017955746804,91.3893545009096,7.8,3.1,72210,30,16,14,60,10.6,8.6
"ND","2017","North Dakota",0.757,9.961,0.122853368560106,0.80405,7.3424,5.6081,51.068624262417,2.24017955746804,91.3893545009096,7.5,2.6,70950,32,17,22,71,9.2,10.6
"ND","2018","North Dakota",0.76,10.269,0.121052631578947,1.0466,6.9673,6.5705,51.068624262417,2.24017955746804,91.3893545009096,7.7,2.4,76870,36,21,21,78,10.2,9.2
"ND","2019","North Dakota",0.764,10.653,0.116492146596859,0.9849,6.9379,7.8712,51.2182323284288,3.32698837328943,89.0846108996124,7.4,2.2,79760,41,21,23,85,11.4,10.2
"NE","2015","Nebraska",1.892,8.579,0.115221987315011,0.77125,8.0299,5.8121,49.2676914204881,7.83903128718016,91.2619003266679,7.8,3,73200,29,23,80,132,6.9,7.2
"NE","2016","Nebraska",1.906,8.943,0.11909758656873,0.8413,7.3369,6.3974,49.2676914204881,7.83903128718016,91.2619003266679,8.9,3.1,71240,26,24,86,136,6.4,6.9
"NE","2017","Nebraska",1.917,9.189,0.121022430881586,0.87355,6.2537,7.3683,49.2676914204881,7.83903128718016,91.2619003266679,8.6,3,70260,24,22,79,125,8.1,6.4
"NE","2018","Nebraska",1.926,9.492,0.122014537902388,1.0183,6.1918,7.892,49.2676914204881,7.83903128718016,91.2619003266679,8.5,2.9,78110,26,22,76,124,7.4,8.1
"NE","2019","Nebraska",1.933,9.917,0.119503362648733,1.1092,6.2535,8.431,49.497575758408,9.17978109736924,89.8047974031574,7.9,3.1,83230,32,18,81,131,8.7,7.4
"NH","2015","New Hampshire",1.337,9.763,0.137621540762902,1.5981,7.9816,11.6647,48.9549212365273,2.60030794741206,94.9340281890323,6.9,3.4,91600,22,2,34,58,34.3,26.2
"NH","2016","New Hampshire",1.344,10.157,0.151041666666667,1.96765,7.6193,12.3054,48.9549212365273,2.60030794741206,94.9340281890323,6.4,2.9,91500,31,1,32,64,39,34.3
"NH","2017","New Hampshire",1.35,10.573,0.14962962962963,1.93495,6.3619,12.4248,48.9549212365273,2.60030794741206,94.9340281890323,5.7,2.8,89180,36,0,31,67,37,39
"NH","2018","New Hampshire",1.355,10.974,0.142435424354244,1.52435,6.5095,13.2791,48.9549212365273,2.60030794741206,94.9340281890323,5.2,2.6,94020,35,1,36,72,35.8,37
"NH","2019","New Hampshire",1.361,11.31,0.1373989713446,1.6645,7.0845,14.7243,49.1625324208732,3.41412382646846,93.8452377289371,6.4,2.6,98980,39,1,40,80,32,35.8
"NJ","2015","New Jersey",8.87,9.483,0.19098083427283,0.94635,6.8158,6.2942,48.090068079399,17.23290919616,74.7788810859283,8.8,5.7,82750,146,21,210,377,16.3,14
"NJ","2016","New Jersey",8.874,9.979,0.194500788821276,1.28145,5.9677,7.0252,48.090068079399,17.23290919616,74.7788810859283,7.7,4.9,82150,154,20,197,371,23.2,16.3
"NJ","2017","New Jersey",8.888,10.34,0.195769576957696,1.3078,5.0994,6.8745,48.090068079399,17.23290919616,74.7788810859283,7.6,4.5,84000,153,16,175,344,30,23.2
"NJ","2018","New Jersey",8.892,10.665,0.191408007197481,1.2472,5.0333,7.3461,48.090068079399,17.23290919616,74.7788810859283,7.4,4,85740,171,18,180,369,33.1,30
"NJ","2019","New Jersey",8.891,11.264,0.18333145877854,1.12275,5.0705,8.1138,48.2650834817881,18.9756642610205,72.951356588952,7.9,3.5,99920,174,18,178,370,31.7,33.1
"NM","2015","New Mexico",2.09,7.418,0.402392344497608,1.31445,7.3666,9.7262,49.0434089541191,43.7329439560738,84.4228465254458,10.9,6.6,54620,51,36,72,159,25.3,27.3
"NM","2016","New Mexico",2.093,7.717,0.441471571906354,1.11825,7.2761,10.3081,49.0434089541191,43.7329439560738,84.4228465254458,9,6.7,58130,49,36,69,154,25.2,25.3
"NM","2017","New Mexico",2.093,7.973,0.452938365981844,1.18485,7.4319,10.6101,49.0434089541191,43.7329439560738,84.4228465254458,9.1,6.1,53770,44,32,60,136,24.8,25.2
"NM","2018","New Mexico",2.094,8.154,0.427411652340019,1.2598,6.4151,12.1953,49.0434089541191,43.7329439560738,84.4228465254458,9.3,4.9,55810,48,29,63,140,26.7,24.8
"NM","2019","New Mexico",2.1,8.459,0.41952380952381,1.28315,5.5624,13.3379,49.0685239687505,45.9207667534709,83.3712498266484,9.8,5,60500,53,32,81,166,30.2,26.7
"NV","2015","Nevada",2.869,6.987,0.173579644475427,0.975,7.1694,7.743,50.0963527444261,23.4598417041843,77.8928225458819,12.3,6.8,62960,27,13,39,79,20.4,18.4
"NV","2016","Nevada",2.92,7.377,0.190068493150685,0.94705,6.582,7.8481,50.0963527444261,23.4598417041843,77.8928225458819,11.1,5.8,66510,25,13,42,80,21.7,20.4
"NV","2017","Nevada",2.972,7.642,0.189771197846568,1.16075,5.6077,8.2124,50.0963527444261,23.4598417041843,77.8928225458819,11.1,5,68440,25,11,41,77,21.6,21.7
"NV","2018","Nevada",3.031,7.892,0.184097657538766,1.5203,5.9972,12.1074,50.0963527444261,23.4598417041843,77.8928225458819,11.4,4.4,71510,25,14,42,81,21.2,21.6
"NV","2019","Nevada",3.091,8.114,0.176965383371077,1.40055,5.8752,15.6385,49.8572436782175,25.7313626937102,75.0421633018801,11.5,4.1,80760,37,14,55,106,20.1,21.2
"NY","2015","New York",19.657,10.305,0.301368469247596,1.41885,6.9714,8.5956,47.7602347286871,16.9136450117847,72.0191518604749,7.1,5.2,70210,143,116,642,901,13.6,11.3
"NY","2016","New York",19.636,10.927,0.298787940517417,1.63185,6.773,9.7454,47.7602347286871,16.9136450117847,72.0191518604749,6.1,4.9,73720,146,128,648,922,18,13.6
"NY","2017","New York",19.594,11.558,0.300551189139532,1.4989,6.4265,9.9042,47.7602347286871,16.9136450117847,72.0191518604749,5.7,4.6,72570,138,108,596,842,19.4,18
"NY","2018","New York",19.544,12.098,0.300450266066312,1.48355,6.0239,9.7196,47.7602347286871,16.9136450117847,72.0191518604749,5.3,4.1,77760,148,113,637,898,18.4,19.4
"NY","2019","New York",19.463,12.932,0.299748240250732,1.5616,5.6512,10.047,47.888312518303,17.7820287511623,70.5627682343288,5.3,3.9,81840,154,107,664,925,18.2,18.4
"OH","2015","Ohio",11.622,8.754,0.255377731887799,0.96575,7.0737,7.0232,48.2718551553144,2.74986551957846,84.7396962115008,6.5,5,64520,47,25,298,370,29.9,24.6
"OH","2016","Ohio",11.64,9.062,0.260137457044674,0.9758,6.8857,7.8167,48.2718551553144,2.74986551957846,84.7396962115008,5.6,5,64770,49,32,325,406,39.1,29.9
"OH","2017","Ohio",11.666,9.4,0.260757757586148,1.1097,6.4726,9.212,48.2718551553144,2.74986551957846,84.7396962115008,5.8,5,71560,64,29,316,409,46.3,39.1
"OH","2018","Ohio",11.681,9.627,0.24766715178495,1.1916,5.9948,8.8065,48.2718551553144,2.74986551957846,84.7396962115008,6.5,4.5,71240,82,32,350,464,35.9,46.3
"OH","2019","Ohio",11.697,10.173,0.237753270069249,1.1172,5.5016,8.5642,48.4396228501617,3.34453671620203,83.3384347562024,6.7,4.2,73650,132,34,388,554,38.3,35.9
"OK","2015","Oklahoma",3.911,7.902,0.185374584505242,0.6127,6.8378,6.2992,49.0000499243388,7.63425773698137,77.9807842941473,14.2,4.3,56990,54,50,104,208,19,20.3
"OK","2016","Oklahoma",3.928,8.132,0.175152749490835,0.70115,6.628,6.3326,49.0000499243388,7.63425773698137,77.9807842941473,13.8,4.6,61120,49,52,103,204,21.5,19
"OK","2017","Oklahoma",3.934,8.382,0.17691916624301,0.9151,5.8165,6.0742,49.0000499243388,7.63425773698137,77.9807842941473,14,4,61180,47,47,97,191,20.1,21.5
"OK","2018","Oklahoma",3.943,8.625,0.169160537661679,1.1508,6.3264,7.0644,49.0000499243388,7.63425773698137,77.9807842941473,13.7,3.3,62920,44,49,107,200,18.4,20.1
"OK","2019","Oklahoma",3.961,8.923,0.16611966675082,1.2339,6.4003,7.7538,49.0163641642662,8.94034195692164,76.4158878364801,14.9,3.1,67650,44,54,110,208,16.7,18.4
"OR","2015","Oregon",4.019,8.438,0.27096292610102,1.24005,7.312,12.5908,49.0256750802112,9.64367219629422,89.3919997234153,7,5.5,73640,61,38,138,237,12,12.8
"OR","2016","Oregon",4.093,8.699,0.265575372587344,1.3185,7.2868,13.0385,49.0256750802112,9.64367219629422,89.3919997234153,6.2,4.7,70950,69,37,117,223,11.9,12
"OR","2017","Oregon",4.147,8.827,0.247407764649144,1.57245,7.4623,16.2565,49.0256750802112,9.64367219629422,89.3919997234153,6.8,4.1,73690,69,32,125,226,12.4,11.9
"OR","2018","Oregon",4.184,9.168,0.235420650095602,1.77635,7.8704,20.0373,49.0256750802112,9.64367219629422,89.3919997234153,7.2,4,79950,66,33,130,229,12.6,12.4
"OR","2019","Oregon",4.216,9.635,0.235294117647059,1.85515,7.7291,19.6526,49.1521650845448,11.1036579525384,87.7908310832122,7.1,3.7,84760,74,35,125,234,14,12.6
"PA","2015","Pennsylvania",12.79,9.562,0.209304143862392,1.07395,7.0116,7.3078,48.2620295342764,5.22600762469849,84.778781169404,6.3,5.4,73100,202,10,311,523,26.3,21.9
"PA","2016","Pennsylvania",12.788,9.98,0.234751329371286,1.1535,6.8189,7.8005,48.2620295342764,5.22600762469849,84.778781169404,5.8,5.3,73170,209,11,308,528,37.9,26.3
"PA","2017","Pennsylvania",12.795,10.342,0.238452520515826,1.22865,5.9468,8.3831,48.2620295342764,5.22600762469849,84.778781169404,5.5,5,72260,211,7,284,502,44.3,37.9
"PA","2018","Pennsylvania",12.809,10.91,0.236552424076821,1.3729,5.2935,8.4714,48.2620295342764,5.22600762469849,84.778781169404,5.6,4.4,74580,241,14,323,578,36.1,44.3
"PA","2019","Pennsylvania",12.799,11.175,0.240565669192906,1.4553,5.4619,8.6599,48.4434910574213,6.52290490348186,83.3225295048816,5.7,4.3,80390,258,13,329,600,35.6,36.1
"RI","2015","Rhode Island",1.057,9.914,0.216650898770104,1.2183,8.1459,12.942,47.7524060335507,11.4799708337943,87.2057656783225,5.2,6,67430,13,2,32,47,28.2,23.4
"RI","2016","Rhode Island",1.058,10.159,0.228733459357278,1.55935,7.3563,13.2805,47.7524060335507,11.4799708337943,87.2057656783225,4.2,5.2,73830,15,2,35,52,30.8,28.2
"RI","2017","Rhode Island",1.057,10.29,0.249763481551561,1.71575,7.2464,15.6336,47.7524060335507,11.4799708337943,87.2057656783225,4.5,4.5,77120,14,3,31,48,31,30.8
"RI","2018","Rhode Island",1.059,10.464,0.247403210576015,1.65235,7.1335,16.3013,47.7524060335507,11.4799708337943,87.2057656783225,4,4,71970,17,3,36,56,30.1,31
"RI","2019","Rhode Island",1.058,10.988,0.239130434782609,1.61235,7.0457,15.1725,48.0715493979994,13.8190310628808,85.5019988644811,4.3,3.5,79900,19,3,37,59,29.5,30.1
"SC","2015","South Carolina",4.896,7.446,0.207107843137255,0.75475,6.235,6.6141,47.927720316122,4.33892285377327,70.1872602312625,10.8,5.9,56120,29,41,39,109,15.7,14.4
"SC","2016","South Carolina",4.963,7.669,0.215998388071731,1.01765,6.2713,8.2666,47.927720316122,4.33892285377327,70.1872602312625,9.9,4.9,65200,30,46,38,114,18.1,15.7
"SC","2017","South Carolina",5.027,7.855,0.218818380743982,1.0384,6.1129,6.8558,47.927720316122,4.33892285377327,70.1872602312625,11.1,4.2,64310,28,42,38,108,20.5,18.1
"SC","2018","South Carolina",5.092,7.975,0.215239591516104,1.15075,5.8038,6.7738,47.927720316122,4.33892285377327,70.1872602312625,10.5,3.4,66400,31,43,40,114,22.6,20.5
"SC","2019","South Carolina",5.158,8.345,0.216169057774331,1.2152,5.9579,8.5125,47.762293494928,4.90852068568252,70.2919291627236,10.8,2.8,70650,37,40,44,121,22.7,22.6
"SD","2015","South Dakota",0.855,9.627,0.132163742690058,0.5777,8.1349,4.758,49.9757429890938,2.67268156530176,88.6700857501087,11.2,3,66660,11,22,37,70,8.4,7.8
"SD","2016","South Dakota",0.864,10.046,0.131944444444444,0.68185,7.8904,6.9882,49.9757429890938,2.67268156530176,88.6700857501087,8.3,3,68930,10,19,33,62,8.4,8.4
"SD","2017","South Dakota",0.874,10.44,0.124713958810069,0.82755,7.7282,7.6953,49.9757429890938,2.67268156530176,88.6700857501087,9.2,3.1,67110,10,18,30,58,8.5,8.4
"SD","2018","South Dakota",0.879,11.086,0.126279863481229,0.7361,7.9427,7.2596,49.9757429890938,2.67268156530176,88.6700857501087,9.4,2.8,68730,10,17,32,59,6.9,8.5
"SD","2019","South Dakota",0.887,11.627,0.122886133032694,0.7282,7.2362,7.3126,50.2085730080232,3.30444786421837,87.4859183338065,9.6,2.8,73190,9,17,33,59,10.5,6.9
"TN","2015","Tennessee",6.595,7.806,0.234420015163002,0.7268,5.6815,5.5273,48.0762663278615,3.88471566085887,80.7188805202295,10.3,5.6,57290,64,6,157,227,22.2,19.5
"TN","2016","Tennessee",6.651,8.065,0.254999248233348,0.94695,5.6078,6.3807,48.0762663278615,3.88471566085887,80.7188805202295,9.1,4.7,61610,71,6,150,227,24.5,22.2
"TN","2017","Tennessee",6.715,8.485,0.240655249441549,1.04635,5.3751,7.9933,48.0762663278615,3.88471566085887,80.7188805202295,9.4,3.7,65210,71,6,140,217,26.6,24.5
"TN","2018","Tennessee",6.778,8.565,0.227795809973443,1.1892,5.1405,8.2254,48.0762663278615,3.88471566085887,80.7188805202295,10.2,3.5,64800,74,5,142,221,27.5,26.6
"TN","2019","Tennessee",6.83,8.827,0.228257686676428,1.1825,4.8573,8.7911,48.1490310186453,4.47037786014792,79.9201744423989,10.2,3.3,64500,114,4,195,313,31.2,27.5
"TX","2015","Texas",27.469,7.217,0.161491135461793,0.7927,6.9518,5.919,49.1293022582485,34.6212323120739,80.8988184444999,17,4.5,68360,195,47,200,442,9.4,9.7
"TX","2016","Texas",27.914,7.393,0.163681306871104,0.81155,6.3104,6.0034,49.1293022582485,34.6212323120739,80.8988184444999,16.6,4.6,69770,222,54,212,488,10.1,9.4
"TX","2017","Texas",28.291,7.572,0.162489837757591,0.8689,5.4291,5.9125,49.1293022582485,34.6212323120739,80.8988184444999,17.4,4.3,70860,190,54,187,431,10.5,10.1
"TX","2018","Texas",28.625,7.711,0.156786026200873,0.9592,4.9393,6.1124,49.1293022582485,34.6212323120739,80.8988184444999,17.7,3.9,69100,243,63,196,502,10.4,10.5
"TX","2019","Texas",28.987,8.028,0.151205712905785,0.8808,4.7989,6.2135,49.2108463121229,36.3695867338751,79.0743399321697,18.4,3.5,76820,257,59,196,512,10.8,10.4
"UT","2015","Utah",2.984,6.112,0.106233243967828,0.74905,5.8611,5.6076,49.8122887874036,11.7014652069571,92.4162870962035,10.7,3.5,80200,95,31,58,184,23.4,22.4
"UT","2016","Utah",3.044,6.398,0.104139290407359,0.5882,5.1498,5.1131,49.8122887874036,11.7014652069571,92.4162870962035,8.5,3.3,80970,145,30,60,235,22.4,23.4
"UT","2017","Utah",3.104,6.628,0.0976159793814433,0.84305,4.6218,5.3785,49.8122887874036,11.7014652069571,92.4162870962035,9,3.1,82290,151,30,58,239,22.3,22.4
"UT","2018","Utah",3.155,7.008,0.0928684627575277,1.1319,5.3266,6.4742,49.8122887874036,11.7014652069571,92.4162870962035,9,2.9,89080,177,32,60,269,21.2,22.3
"UT","2019","Utah",3.203,7.193,0.0905401186387761,1.03435,4.7874,6.2824,49.983571173766,12.8677956737864,91.2888953010918,9.6,2.5,96270,201,34,75,310,18.9,21.2
"VA","2015","Virginia",8.367,7.75,0.122505079478905,1.01635,7.5037,6.9566,48.5909994576855,7.47574058155011,72.4073973819324,9.3,4.4,74430,60,110,60,230,12.4,11.7
"VA","2016","Virginia",8.418,7.987,0.128177714421478,0.8486,6.1166,6.7445,48.5909994576855,7.47574058155011,72.4073973819324,8.8,4,79730,69,111,49,229,16.7,12.4
"VA","2017","Virginia",8.471,8.176,0.132097745248495,1.00075,6.0587,7.0067,48.5909994576855,7.47574058155011,72.4073973819324,8.8,3.7,83500,68,105,50,223,17.9,16.7
"VA","2018","Virginia",8.511,8.425,0.136176712489719,1.23505,5.8393,7.1018,48.5909994576855,7.47574058155011,72.4073973819324,8.7,3,89180,79,101,51,231,17.1,17.9
"VA","2019","Virginia",8.557,8.826,0.156596938179268,1.16855,5.5162,7.4344,48.6822201053147,8.50107648782819,70.6687083476813,8,2.8,92610,96,104,54,254,18.3,17.1
"VT","2015","Vermont",0.626,11.01,0.311501597444089,1.4391,7.4883,13.4012,48.8153899014695,1.52472993988071,95.9165758025339,3.9,3.5,72020,5,1,38,44,16.7,13.9
"VT","2016","Vermont",0.624,11.246,0.315705128205128,1.8304,7.3192,15.0801,48.8153899014695,1.52472993988071,95.9165758025339,3.6,3.1,73000,5,2,39,46,22.2,16.7
"VT","2017","Vermont",0.625,11.521,0.2896,1.88485,7.1628,17.6004,48.8153899014695,1.52472993988071,95.9165758025339,4.2,3,75090,5,2,35,42,23.2,22.2
"VT","2018","Vermont",0.625,11.797,0.2768,2.11415,7.654,19.3045,48.8153899014695,1.52472993988071,95.9165758025339,4.1,2.5,80990,8,2,36,46,26.6,23.2
"VT","2019","Vermont",0.624,12.159,0.262820512820513,2.164,7.7975,19.8438,48.9085205435915,1.88102903353011,94.9050559031313,4.4,2.1,84630,10,1,37,48,23.8,26.6
"WA","2015","Washington",7.167,7.904,0.245709501883633,1.2101,6.9281,13.0639,49.5113966496462,9.38790044728841,82.7714756236284,6.5,5.4,81400,175,73,170,418,14.7,13.3
"WA","2016","Washington",7.3,8.097,0.255890410958904,1.1896,5.9693,11.4177,49.5113966496462,9.38790044728841,82.7714756236284,5.9,5.2,84360,173,72,183,428,14.5,14.7
"WA","2017","Washington",7.428,8.278,0.253365643511039,1.2731,6.0592,12.4149,49.5113966496462,9.38790044728841,82.7714756236284,6.1,4.6,84360,158,62,176,396,15.2,14.5
"WA","2018","Washington",7.527,8.588,0.241131925069749,1.4733,6.4504,15.9041,49.5113966496462,9.38790044728841,82.7714756236284,6.5,4.4,92150,173,62,210,445,14.8,15.2
"WA","2019","Washington",7.614,8.964,0.236800630417652,1.48145,6.2076,17.0069,49.7636149840417,10.6708046363178,80.005493028725,6.6,4.2,93910,178,60,214,452,15.8,14.8
"WI","2015","Wisconsin",5.763,8.654,0.186534790907513,1.1092,8.1899,6.386,49.2258410777826,4.88765647046392,89.8786394997732,5.8,4.4,67090,104,62,122,288,15.5,15.1
"WI","2016","Wisconsin",5.775,8.809,0.19012987012987,1.00775,7.7625,6.8192,49.2258410777826,4.88765647046392,89.8786394997732,5.2,3.9,71770,99,60,121,280,19.3,15.5
"WI","2017","Wisconsin",5.793,9.019,0.190056965302952,0.885,7.6163,7.4227,49.2258410777826,4.88765647046392,89.8786394997732,5.1,3.3,74850,95,61,117,273,21.2,19.3
"WI","2018","Wisconsin",5.809,9.244,0.187295575830608,1.2799,7.4278,8.0932,49.2258410777826,4.88765647046392,89.8786394997732,5.5,3,72390,100,54,114,268,19.2,21.2
"WI","2019","Wisconsin",5.825,9.652,0.186266094420601,1.45965,7.3099,9.1712,49.3865444012987,5.67200085325917,88.8636729734985,5.8,3.2,76720,116,55,105,276,21.1,19.2
"WV","2015","West Virginia",1.843,9.947,0.304395008138904,0.75565,6.5945,6.3662,48.9581543264257,1.20048117056763,94.5180924616385,5.5,6.6,51840,15,5,83,103,41.5,35.5
"WV","2016","West Virginia",1.832,10.488,0.326419213973799,1.0034,5.7264,6.9969,48.9581543264257,1.20048117056763,94.5180924616385,4.9,6.1,53220,18,7,81,106,52,41.5
"WV","2017","West Virginia",1.819,11.017,0.322155030236394,1.1187,4.6761,6.8299,48.9581543264257,1.20048117056763,94.5180924616385,5.8,5.2,55370,19,5,78,102,57.8,52
"WV","2018","West Virginia",1.806,11.337,0.312292358803987,1.24545,4.6902,7.78,48.9581543264257,1.20048117056763,94.5180924616385,6.2,5.1,58460,19,8,81,108,51.5,57.8
"WV","2019","West Virginia",1.795,11.951,0.305292479108635,1.2365,4.5312,9.6951,49.0800265398404,1.47885733720651,94.0787162746093,6.6,5,61170,28,7,81,116,52.8,51.5
"WY","2015","Wyoming",0.586,8.652,0.117747440273038,0.84155,7.9489,6.329,50.974564649494,8.07708390473321,93.8113458659125,10.4,4.2,73750,8,15,36,59,16.4,19.4
"WY","2016","Wyoming",0.585,8.976,0.112820512820513,0.75755,6.7113,6.2962,50.974564649494,8.07708390473321,93.8113458659125,11,5.4,69390,9,13,36,58,17.6,16.4
"WY","2017","Wyoming",0.58,9.496,0.110344827586207,0.9106,6.917,6.3126,50.974564649494,8.07708390473321,93.8113458659125,12.3,4.3,70200,9,10,28,47,12.2,17.6
"WY","2018","Wyoming",0.579,9.787,0.103626943005181,1.0044,6.7067,7.2369,50.974564649494,8.07708390473321,93.8113458659125,10.6,4.1,72290,9,12,32,53,11.1,12.2
"WY","2019","Wyoming",0.58,10.111,0.0982758620689655,0.818,5.9066,7.8752,50.8130308886794,8.67404638788549,93.5754771699672,12.3,3.7,74190,8,12,37,57,14.1,11.1
