"State_Abbrev","profit_type","year","count_tx","State_Name","pop_thousands","percapita_health_spending","medicaid_enrollment","medicaid_enroll_percapita","cocaine_yr","marijuana_month","aud_yr","heroin_yr","binge_drinking","illicit_druguse","needing_tx","sud","start_year","percapita_health_spending_thousands","pop_millions","prev2years_bingedrinking","prev2years_druguse","prev2years_sud","prev2years_needingtx","prev2years_aud","prev2years_marijuana","druguse_calc","prev2years_drugusecalc","prev2years_cocaine","prev2years_heroin","tx_percapita"
"AK","Nonprofit","2015",54,"Alaska",738,11460,127,0.172086720867209,2.1469,14.7986,7.9877,1.361,NA,NA,NA,NA,"2014",11.46,0.738,NA,NA,NA,NA,7.2493,12.1601,1.75395,1.2113,1.6532,0.7694,7.31707317073171e-05
"AK","Nonprofit","2016",56,"Alaska",743,11761,167,0.224764468371467,2.2623,16.6644,7.2969,0.8188,27.1402,3.8598,9.115,9.7238,"2015",11.761,0.743,NA,NA,NA,NA,7.9877,14.7986,1.54055,1.75395,2.1469,1.361,7.53701211305518e-05
"AK","Nonprofit","2017",53,"Alaska",741,12303,196,0.264507422402159,2.5,16.5942,7.0591,0.4828,26.3333,3.6649,8.8083,9.2576,"2016",12.303,0.741,27.1402,3.8598,9.7238,9.115,7.2969,16.6644,1.4914,1.54055,2.2623,0.8188,7.15249662618084e-05
"AK","Nonprofit","2018",53,"Alaska",737,12695,209,0.283582089552239,2.3839,17.5117,7.4148,0.5722,25.2012,3.534,8.8029,9.756,"2017",12.695,0.737,26.3333,3.6649,9.2576,8.8083,7.0591,16.5942,1.47805,1.4914,2.5,0.4828,7.19131614654003e-05
"AK","Nonprofit","2019",52,"Alaska",734,13226,217,0.295640326975477,2.2258,18.2042,7.652,0.5955,27.0467,3.52,9.3623,10.2311,"2018",13.226,0.734,25.2012,3.534,9.756,8.8029,7.4148,17.5117,1.41065,1.47805,2.3839,0.5722,7.08446866485014e-05
"AL","Nonprofit","2015",88,"Alabama",4855,7657,1034,0.2129763130793,1.3091,5.3685,4.8974,0.2879,NA,NA,NA,NA,"2014",7.657,4.855,NA,NA,NA,NA,6.0645,5.6292,0.7985,0.76845,1.3092,0.2277,1.81256436663234e-05
"AL","Nonprofit","2016",81,"Alabama",4867,7968,1048,0.215327717279638,1.2979,5.2544,4.4158,0.3462,22.9338,3.4731,6.1087,6.6026,"2015",7.968,4.867,NA,NA,NA,NA,4.8974,5.3685,0.82205,0.7985,1.3091,0.2879,1.66426957057736e-05
"AL","Nonprofit","2017",77,"Alabama",4878,8154,1035,0.212177121771218,1.7527,6.4844,4.81,0.3293,23.1306,3.5062,6.3644,6.8599,"2016",8.154,4.878,22.9338,3.4731,6.6026,6.1087,4.4158,5.2544,1.041,0.82205,1.2979,0.3462,1.57851578515785e-05
"AL","Nonprofit","2018",80,"Alabama",4892,8343,1030,0.210547833197056,1.8254,8.5262,4.9973,0.3568,24.7695,3.5671,6.7821,7.4609,"2017",8.343,4.892,23.1306,3.5062,6.8599,6.3644,4.81,6.4844,1.0911,1.041,1.7527,0.3293,1.63532297628782e-05
"AL","Nonprofit","2019",86,"Alabama",4908,8741,1046,0.213121434392828,1.9298,8.9607,5.7144,0.2964,25.7251,3.4432,7.1489,7.889,"2018",8.741,4.908,24.7695,3.5671,7.4609,6.7821,4.9973,8.5262,1.1131,1.0911,1.8254,0.3568,1.75224123879381e-05
"AR","Nonprofit","2015",60,"Arkansas",2980,7620,974,0.326845637583893,1.1311,7.2504,5.1063,0.1753,NA,NA,NA,NA,"2014",7.62,2.98,NA,NA,NA,NA,5.5113,6.754,0.6532,0.59335,0.9845,0.2022,2.01342281879195e-05
"AR","Nonprofit","2016",87,"Arkansas",2992,8079,932,0.311497326203209,1.3119,7.1321,5.2777,0.2163,21.9081,3.3066,6.2597,6.941,"2015",8.079,2.992,NA,NA,NA,NA,5.1063,7.2504,0.7641,0.6532,1.1311,0.1753,2.90775401069519e-05
"AR","Nonprofit","2017",93,"Arkansas",3004,8409,956,0.318242343541944,1.5834,8.4446,5.7279,0.2664,21.0637,3.7105,6.8451,7.719,"2016",8.409,3.004,21.9081,3.3066,6.941,6.2597,5.2777,7.1321,0.9249,0.7641,1.3119,0.2163,3.09587217043941e-05
"AR","Nonprofit","2018",115,"Arkansas",3012,8545,910,0.302124833997344,1.4938,8.9102,5.6511,0.2581,21.5368,3.7241,7.1127,8.0178,"2017",8.545,3.012,21.0637,3.7105,7.719,6.8451,5.7279,8.4446,0.87595,0.9249,1.5834,0.2664,3.81806108897742e-05
"AR","Nonprofit","2019",123,"Arkansas",3021,8853,837,0.277060575968222,1.1926,8.7341,5.2442,0.2349,22.8703,2.9804,6.5367,7.1638,"2018",8.853,3.021,21.5368,3.7241,8.0178,7.1127,5.6511,8.9102,0.71375,0.87595,1.4938,0.2581,4.07149950347567e-05
"AZ","Nonprofit","2015",176,"Arizona",6833,6885,1590,0.232694277769647,2.4404,8.5918,7.0632,0.5893,NA,NA,NA,NA,"2014",6.885,6.833,NA,NA,NA,NA,8.0634,8.8497,1.51485,1.35935,2.3836,0.3351,2.57573540172691e-05
"AZ","Nonprofit","2016",178,"Arizona",6945,7189,1736,0.24996400287977,2.2014,7.4881,5.6647,0.4973,24.4929,4.045,7.5198,7.7819,"2015",7.189,6.945,NA,NA,NA,NA,7.0632,8.5918,1.34935,1.51485,2.4404,0.5893,2.56299496040317e-05
"AZ","Nonprofit","2017",175,"Arizona",7048,7539,1775,0.251844494892168,2.2656,8.5933,5.8779,0.3804,25.0442,3.577,7.4089,7.7291,"2016",7.539,7.048,24.4929,4.045,7.7819,7.5198,5.6647,7.4881,1.323,1.34935,2.2014,0.4973,2.48297389330306e-05
"AZ","Nonprofit","2018",217,"Arizona",7164,7816,1700,0.237297599106644,2.1175,11.4082,5.7039,0.273,24.9064,3.1906,6.9557,7.3594,"2017",7.816,7.164,25.0442,3.577,7.7291,7.4089,5.8779,8.5933,1.19525,1.323,2.2656,0.3804,3.02903405918481e-05
"AZ","Nonprofit","2019",225,"Arizona",7292,8145,1705,0.233817882611081,1.9538,11.514,5.1012,0.3952,23.1032,3.5299,6.8102,7.1089,"2018",8.145,7.292,24.9064,3.1906,7.3594,6.9557,5.7039,11.4082,1.1745,1.19525,2.1175,0.273,3.08557323093801e-05
"CA","Nonprofit","2015",822,"California",38904,7998,11493,0.29541949413942,2.2846,9.8151,6.9505,0.2102,NA,NA,NA,NA,"2014",7.998,38.904,NA,NA,NA,NA,7.0675,9.2534,1.2474,1.2366,2.2689,0.2043,2.11289327575571e-05
"CA","Nonprofit","2016",785,"California",39149,8325,10883,0.277989220669749,2.5931,10.8367,6.8181,0.2576,25.9142,4.1248,8.396,8.7974,"2015",8.325,39.149,NA,NA,NA,NA,6.9505,9.8151,1.42535,1.2474,2.2846,0.2102,2.00515977419602e-05
"CA","Nonprofit","2017",699,"California",39338,8594,10920,0.277594183740912,2.9118,11.782,5.8678,0.1988,25.4391,3.9614,7.4114,7.7753,"2016",8.594,39.338,25.9142,4.1248,8.7974,8.396,6.8181,10.8367,1.5553,1.42535,2.5931,0.2576,1.7769078244954e-05
"CA","Nonprofit","2018",744,"California",39437,9069,11232,0.284808682201993,3.0363,12.4628,6.302,0.1999,26.49,3.6245,7.7916,8.117,"2017",9.069,39.437,25.4391,3.9614,7.7753,7.4114,5.8678,11.782,1.6181,1.5553,2.9118,0.1988,1.88655323680807e-05
"CA","Nonprofit","2019",808,"California",39438,9628,10912,0.276687458796085,2.9699,13.9293,6.7281,0.245,25.2396,4.163,8.7621,9.2301,"2018",9.628,39.438,26.49,3.6245,8.117,7.7916,6.302,12.4628,1.60745,1.6181,3.0363,0.1999,2.0487854353669e-05
"CO","Nonprofit","2015",159,"Colorado",5454,7075,1033,0.189402273560689,2.9342,17.1216,7.911,0.4102,NA,NA,NA,NA,"2014",7.075,5.454,NA,NA,NA,NA,7.9271,15.1701,1.6722,1.52155,2.7383,0.3048,2.91529152915292e-05
"CO","Nonprofit","2016",176,"Colorado",5544,7323,1133,0.204365079365079,2.5608,16.6168,6.7942,0.383,28.6228,3.8765,8.5481,8.6726,"2015",7.323,5.544,NA,NA,NA,NA,7.911,17.1216,1.4719,1.6722,2.9342,0.4102,3.17460317460317e-05
"CO","Nonprofit","2017",166,"Colorado",5617,7615,1156,0.205803809862916,2.8715,17.1771,6.7287,0.3001,29.1234,4.0606,8.938,9.0737,"2016",7.615,5.617,28.6228,3.8765,8.6726,8.5481,6.7942,16.6168,1.5858,1.4719,2.5608,0.383,2.95531422467509e-05
"CO","Nonprofit","2018",161,"Colorado",5697,7998,1096,0.192381955415131,4.1262,18.1246,8.9442,0.3762,32.468,4.8193,11.2599,11.8988,"2017",7.998,5.697,29.1234,4.0606,9.0737,8.938,6.7287,17.1771,2.2512,1.5858,2.8715,0.3001,2.82604879761278e-05
"CO","Nonprofit","2019",159,"Colorado",5758,8286,1049,0.182181312955887,4.4617,18.1509,8.771,0.3818,31.2368,4.8706,11.0349,11.7543,"2018",8.286,5.758,32.468,4.8193,11.8988,11.2599,8.9442,18.1246,2.42175,2.2512,4.1262,0.3762,2.76137547759639e-05
"CT","Nonprofit","2015",185,"Connecticut",3589,10294,914,0.254667038172193,2.6047,9.7221,7.3222,0.9496,NA,NA,NA,NA,"2014",10.294,3.589,NA,NA,NA,NA,7.1792,8.5585,1.77715,1.46715,2.3317,0.6026,5.15463917525773e-05
"CT","Nonprofit","2016",193,"Connecticut",3580,10705,989,0.276256983240223,2.663,9.4982,7.1776,0.7724,29.1395,3.7798,8.8062,9.5922,"2015",10.705,3.58,NA,NA,NA,NA,7.3222,9.7221,1.7177,1.77715,2.6047,0.9496,5.39106145251397e-05
"CT","Nonprofit","2017",181,"Connecticut",3575,10989,1036,0.28979020979021,2.9538,10.8581,6.444,0.7673,30.4708,3.8721,7.8046,8.7747,"2016",10.989,3.575,29.1395,3.7798,9.5922,8.8062,7.1776,9.4982,1.86055,1.7177,2.663,0.7724,5.06293706293706e-05
"CT","Nonprofit","2018",188,"Connecticut",3575,11378,1063,0.297342657342657,2.214,12.4223,6.387,0.4286,31.4108,3.7813,7.9151,8.8224,"2017",11.378,3.575,30.4708,3.8721,8.7747,7.8046,6.444,10.8581,1.3213,1.86055,2.9538,0.7673,5.25874125874126e-05
"CT","Nonprofit","2019",190,"Connecticut",3566,11831,1087,0.304823331463825,2.1457,12.8116,6.6041,0.36,30.2486,3.678,7.5878,8.4255,"2018",11.831,3.566,31.4108,3.7813,8.8224,7.9151,6.387,12.4223,1.25285,1.3213,2.214,0.4286,5.32809871003926e-05
"DC","Nonprofit","2015",25,"District of Columbia",677,12500,260,0.384047267355982,3.3516,12.1021,8.5512,0.6463,NA,NA,NA,NA,"2014",12.5,0.677,NA,NA,NA,NA,10.1963,12.7153,1.99895,2.0886,3.6434,0.5338,3.69276218611521e-05
"DC","Nonprofit","2016",27,"District of Columbia",688,12851,269,0.390988372093023,3.6431,14.4135,8.9087,0.4654,39.7172,4.9386,10.0891,10.5873,"2015",12.851,0.688,NA,NA,NA,NA,8.5512,12.1021,2.05425,1.99895,3.3516,0.6463,3.92441860465116e-05
"DC","Nonprofit","2017",20,"District of Columbia",697,13131,281,0.403156384505022,4.5668,17.6678,9.4754,0.387,38.8251,5.4751,10.6723,11.546,"2016",13.131,0.697,39.7172,4.9386,10.5873,10.0891,8.9087,14.4135,2.4769,2.05425,3.6431,0.4654,2.86944045911047e-05
"DC","Nonprofit","2018",17,"District of Columbia",704,13487,281,0.399147727272727,4.7481,17.0902,10.5659,0.432,38.6551,5.5042,11.319,13.0078,"2017",13.487,0.704,38.8251,5.4751,11.546,10.6723,9.4754,17.6678,2.59005,2.4769,4.5668,0.387,2.41477272727273e-05
"DC","Nonprofit","2019",18,"District of Columbia",708,13934,281,0.396892655367232,4.1638,16.8022,9.438,0.6853,36.5176,5.484,10.8539,12.2963,"2018",13.934,0.708,38.6551,5.5042,13.0078,11.319,10.5659,17.0902,2.42455,2.59005,4.7481,0.432,2.54237288135593e-05
"DE","Nonprofit","2015",24,"Delaware",942,10714,236,0.250530785562633,2.3723,8.1095,6.2066,1.1307,NA,NA,NA,NA,"2014",10.714,0.942,NA,NA,NA,NA,6.5291,8.2263,1.7515,1.597,1.9777,1.2163,2.54777070063694e-05
"DE","Nonprofit","2016",27,"Delaware",950,10933,238,0.250526315789474,2.0764,9.028,6.5099,0.7859,24.3422,3.5607,7.4959,8.2607,"2015",10.933,0.95,NA,NA,NA,NA,6.2066,8.1095,1.43115,1.7515,2.3723,1.1307,2.84210526315789e-05
"DE","Nonprofit","2017",18,"Delaware",958,11444,242,0.252609603340292,2.178,10.1837,6.5552,0.9167,24.2278,3.5148,8.0492,8.9265,"2016",11.444,0.958,24.3422,3.5607,8.2607,7.4959,6.5099,9.028,1.54735,1.43115,2.0764,0.7859,1.87891440501044e-05
"DE","Nonprofit","2018",20,"Delaware",967,11771,245,0.253360910031024,2.3744,11.4371,6.618,0.91,25.2086,3.5768,7.7564,8.759,"2017",11.771,0.967,24.2278,3.5148,8.9265,8.0492,6.5552,10.1837,1.6422,1.54735,2.178,0.9167,2.06825232678387e-05
"DE","Nonprofit","2019",24,"Delaware",977,12213,244,0.249744114636643,2.3904,12.6284,6.5821,0.6295,25.9846,4.1409,7.7549,8.793,"2018",12.213,0.977,25.2086,3.5768,8.759,7.7564,6.618,11.4371,1.50995,1.6422,2.3744,0.91,2.45649948822927e-05
"FL","Nonprofit","2015",314,"Florida",20219,8330,3755,0.185716405361294,2.0155,7.8732,6.1937,0.2372,NA,NA,NA,NA,"2014",8.33,20.219,NA,NA,NA,NA,6.3059,7.5887,1.12635,1.2099,2.0895,0.3303,1.55299470794797e-05
"FL","Nonprofit","2016",314,"Florida",20627,8519,3840,0.186163765937848,1.7301,7.7032,5.9294,0.2385,27.1351,3.4687,6.9254,7.3549,"2015",8.519,20.627,NA,NA,NA,NA,6.1937,7.8732,0.9843,1.12635,2.0155,0.2372,1.52227662772095e-05
"FL","Nonprofit","2017",282,"Florida",20977,8814,3892,0.185536540020022,2.0864,8.7477,5.5681,0.3025,26.3567,3.2324,6.8424,7.1553,"2016",8.814,20.977,27.1351,3.4687,7.3549,6.9254,5.9294,7.7032,1.19445,0.9843,1.7301,0.2385,1.34432950374219e-05
"FL","Nonprofit","2018",297,"Florida",21255,9148,3701,0.174123735591626,2.1345,9.4716,4.779,0.3046,24.4195,3.2127,6.2626,6.6763,"2017",9.148,21.255,26.3567,3.2324,7.1553,6.8424,5.5681,8.7477,1.21955,1.19445,2.0864,0.3025,1.39731827805222e-05
"FL","Nonprofit","2019",295,"Florida",21492,9490,3615,0.16820212171971,1.8406,10.4218,4.1714,0.2626,23.8934,3.0808,5.651,5.9793,"2018",9.49,21.492,24.4195,3.2127,6.6763,6.2626,4.779,9.4716,1.0516,1.21955,2.1345,0.3046,1.37260375953843e-05
"GA","Nonprofit","2015",88,"Georgia",10183,7055,1849,0.181577138367868,1.8572,7.8868,5.8573,0.1611,NA,NA,NA,NA,"2014",7.055,10.183,NA,NA,NA,NA,6.6125,7.9572,1.00915,0.8713,1.5526,0.19,8.64185407050967e-06
"GA","Nonprofit","2016",86,"Georgia",10308,7353,1895,0.18383779588669,2.0777,7.3114,4.7936,0.1822,23.549,3.6352,6.2152,6.5363,"2015",7.353,10.308,NA,NA,NA,NA,5.8573,7.8868,1.12995,1.00915,1.8572,0.1611,8.3430345362825e-06
"GA","Nonprofit","2017",76,"Georgia",10417,7605,1938,0.186042046654507,1.8947,6.8886,4.7759,0.2135,22.5367,3.1662,6.0396,6.3175,"2016",7.605,10.417,23.549,3.6352,6.5363,6.2152,4.7936,7.3114,1.0541,1.12995,2.0777,0.1822,7.29576653547086e-06
"GA","Nonprofit","2018",89,"Georgia",10519,7844,2002,0.190322273980416,1.9837,8.4711,4.8572,0.1821,23.525,3.1688,6.3628,6.7724,"2017",7.844,10.519,22.5367,3.1662,6.3175,6.0396,4.7759,6.8886,1.0829,1.0541,1.8947,0.2135,8.46088031181671e-06
"GA","Nonprofit","2019",93,"Georgia",10628,8243,2022,0.190252164094844,1.5624,9.552,4.9001,0.1769,23.0915,2.8928,6.2458,6.5955,"2018",8.243,10.628,23.525,3.1688,6.7724,6.3628,4.8572,8.4711,0.86965,1.0829,1.9837,0.1821,8.75047045540083e-06
"HI","Nonprofit","2015",142,"Hawaii",1423,7747,320,0.22487702037948,1.9917,8.1108,5.6379,0.2311,NA,NA,NA,NA,"2014",7.747,1.423,NA,NA,NA,NA,7.1933,7.9244,1.1114,0.88905,1.6486,0.1295,9.97891777933942e-05
"HI","Nonprofit","2016",142,"Hawaii",1429,8041,354,0.247725682295311,2.0795,8.3243,5.2548,0.263,22.0361,3.2204,6.6953,7.2334,"2015",8.041,1.429,NA,NA,NA,NA,5.6379,8.1108,1.17125,1.1114,1.9917,0.2311,9.9370188943317e-05
"HI","Nonprofit","2017",138,"Hawaii",1426,8496,361,0.253155680224404,1.9926,8.3134,5.5091,0.2614,21.8773,2.6866,6.4971,7.0302,"2016",8.496,1.426,22.0361,3.2204,7.2334,6.6953,5.2548,8.3243,1.127,1.17125,2.0795,0.263,9.67741935483871e-05
"HI","Nonprofit","2018",135,"Hawaii",1423,8932,350,0.245959241040056,2.2544,9.1104,5.5463,0.2877,24.483,2.8684,6.6909,7.1314,"2017",8.932,1.423,21.8773,2.6866,7.0302,6.4971,5.5091,8.3134,1.27105,1.127,1.9926,0.2614,9.48699929725931e-05
"HI","Nonprofit","2019",133,"Hawaii",1416,9555,335,0.236581920903955,2.5912,10.4668,6.3073,0.2848,24.9479,3.5317,7.6703,8.4506,"2018",9.555,1.416,24.483,2.8684,7.1314,6.6909,5.5463,9.1104,1.438,1.27105,2.2544,0.2877,9.39265536723164e-05
"IA","Nonprofit","2015",118,"Iowa",3123,8358,664,0.212616074287544,1.1198,4.7242,6.7489,0.1339,NA,NA,NA,NA,"2014",8.358,3.123,NA,NA,NA,NA,6.5925,5.0021,0.62685,0.76925,1.3582,0.1803,3.77841818764009e-05
"IA","Nonprofit","2016",127,"Iowa",3133,8464,702,0.224066390041494,1.251,5.4809,6.8289,0.2106,31.5088,2.7726,7.5606,8.0335,"2015",8.464,3.133,NA,NA,NA,NA,6.7489,4.7242,0.7308,0.62685,1.1198,0.1339,4.0536227258219e-05
"IA","Nonprofit","2017",128,"Iowa",3144,8525,709,0.225508905852417,1.5248,6.8031,7.5784,0.2435,32.101,3.1025,8.5804,9.1968,"2016",8.525,3.144,31.5088,2.7726,8.0335,7.5606,6.8289,5.4809,0.88415,0.7308,1.251,0.2106,4.07124681933842e-05
"IA","Nonprofit","2018",128,"Iowa",3150,8812,712,0.226031746031746,1.5733,7.2106,7.1763,0.2852,30.8824,3.566,8.2471,9.1342,"2017",8.812,3.15,32.101,3.1025,9.1968,8.5804,7.5784,6.8031,0.92925,0.88415,1.5248,0.2435,4.06349206349206e-05
"IA","Nonprofit","2019",145,"Iowa",3160,9193,714,0.225949367088608,1.5469,6.7992,6.1309,0.2693,30.208,3.6442,7.1793,8.0535,"2018",9.193,3.16,30.8824,3.566,9.1342,8.2471,7.1763,7.2106,0.9081,0.92925,1.5733,0.2852,4.58860759493671e-05
"ID","Nonprofit","2015",16,"Idaho",1652,6843,238,0.14406779661017,1.0947,6.3242,6.4199,0.292,NA,NA,NA,NA,"2014",6.843,1.652,NA,NA,NA,NA,7.0659,6.3367,0.69335,0.63815,1.0244,0.2519,9.68523002421308e-06
"ID","Nonprofit","2016",15,"Idaho",1684,6974,253,0.150237529691211,1.3093,7.0716,5.8976,0.3542,22.8109,3.3519,7.3364,7.8975,"2015",6.974,1.684,NA,NA,NA,NA,6.4199,6.3242,0.83175,0.69335,1.0947,0.292,8.90736342042755e-06
"ID","Nonprofit","2017",12,"Idaho",1720,7257,262,0.152325581395349,1.4511,7.7751,6.3295,0.358,23.7145,3.0424,7.3306,8.1755,"2016",7.257,1.72,22.8109,3.3519,7.8975,7.3364,5.8976,7.0716,0.90455,0.83175,1.3093,0.3542,6.97674418604651e-06
"ID","Nonprofit","2018",14,"Idaho",1752,7444,245,0.139840182648402,1.4643,8.4462,5.9095,0.3467,23.6939,2.6657,6.9923,7.7586,"2017",7.444,1.752,23.7145,3.0424,8.1755,7.3306,6.3295,7.7751,0.9055,0.90455,1.4511,0.358,7.99086757990868e-06
"ID","Nonprofit","2019",11,"Idaho",1789,7723,238,0.133035215204025,1.4589,8.8917,5.8586,0.3301,24.2835,2.6954,7.0107,7.6745,"2018",7.723,1.789,23.6939,2.6657,7.7586,6.9923,5.9095,8.4462,0.8945,0.9055,1.4643,0.3467,6.14868641699273e-06
"IL","Nonprofit","2015",366,"Illinois",12860,8300,3248,0.252566096423017,1.929,8.0563,6.4276,0.3586,NA,NA,NA,NA,"2014",8.3,12.86,NA,NA,NA,NA,6.5777,7.7349,1.1438,1.07095,1.8454,0.2965,2.84603421461897e-05
"IL","Nonprofit","2016",368,"Illinois",12822,8630,3283,0.256044298861332,1.8653,8.0263,5.9552,0.2745,28.3811,3.3241,7.3462,7.7967,"2015",8.63,12.822,NA,NA,NA,NA,6.4276,8.0563,1.0699,1.1438,1.929,0.3586,2.87006707221962e-05
"IL","Nonprofit","2017",344,"Illinois",12780,8849,3257,0.254851330203443,2.093,9.0108,6.6494,0.2749,29.7952,3.2746,7.7762,8.3225,"2016",8.849,12.78,28.3811,3.3241,7.7967,7.3462,5.9552,8.0263,1.18395,1.0699,1.8653,0.2745,2.69170579029734e-05
"IL","Nonprofit","2018",384,"Illinois",12725,9118,3161,0.248408644400786,2.4105,9.9303,6.4306,0.2613,30.2284,3.3345,7.6163,8.1615,"2017",9.118,12.725,29.7952,3.2746,8.3225,7.7762,6.6494,9.0108,1.3359,1.18395,2.093,0.2749,3.01768172888016e-05
"IL","Nonprofit","2019",449,"Illinois",12667,9496,2990,0.236046419831057,2.2732,10.7173,5.9316,0.2649,29.1737,3.3032,7.2704,8.0223,"2018",9.496,12.667,30.2284,3.3345,8.1615,7.6163,6.4306,9.9303,1.26905,1.3359,2.4105,0.2613,3.54464356201153e-05
"IN","Nonprofit","2015",176,"Indiana",6611,8368,1204,0.182120707911057,1.3174,8.7862,6.3019,0.296,NA,NA,NA,NA,"2014",8.368,6.611,NA,NA,NA,NA,7.0967,7.6377,0.8067,0.82355,1.2896,0.3575,2.66222961730449e-05
"IN","Nonprofit","2016",176,"Indiana",6638,8776,1360,0.204880988249473,1.407,8.9138,5.7154,0.4686,25.3659,3.3981,6.833,7.4323,"2015",8.776,6.638,NA,NA,NA,NA,6.3019,8.7862,0.9378,0.8067,1.3174,0.296,2.65140102440494e-05
"IN","Nonprofit","2017",179,"Indiana",6662,9015,1420,0.21314920444311,2.0473,9.5877,5.6311,0.6988,24.9975,3.9124,6.9005,7.5609,"2016",9.015,6.662,25.3659,3.3981,7.4323,6.833,5.7154,8.9138,1.37305,0.9378,1.407,0.4686,2.6868808165716e-05
"IN","Nonprofit","2018",209,"Indiana",6698,9297,1385,0.206778142729173,2.2996,10.5726,5.1521,0.5378,26.5099,3.8902,6.7781,7.3882,"2017",9.297,6.698,24.9975,3.9124,7.5609,6.9005,5.6311,9.5877,1.4187,1.37305,2.0473,0.6988,3.12033442818752e-05
"IN","Nonprofit","2019",215,"Indiana",6731,9927,1383,0.205467241123162,1.6922,11.9846,6.0019,0.3507,27.7333,3.3109,7.8175,8.423,"2018",9.927,6.731,26.5099,3.8902,7.3882,6.7781,5.1521,10.5726,1.02145,1.4187,2.2996,0.5378,3.19417619967315e-05
"KS","Nonprofit","2015",103,"Kansas",2911,7634,368,0.126417038818276,1.2442,7.3762,6.3657,0.1532,NA,NA,NA,NA,"2014",7.634,2.911,NA,NA,NA,NA,7.9213,6.393,0.6987,0.8494,1.4601,0.2387,3.53830298866369e-05
"KS","Nonprofit","2016",102,"Kansas",2913,7845,400,0.137315482320632,1.3025,6.9999,5.3825,0.2881,27.9123,2.8217,6.3501,7.0403,"2015",7.845,2.913,NA,NA,NA,NA,6.3657,7.3762,0.7953,0.6987,1.2442,0.1532,3.50154479917611e-05
"KS","Nonprofit","2017",99,"Kansas",2911,8060,381,0.130882858124356,1.6963,6.7791,5.8711,0.3212,28.3318,2.964,6.5861,7.2368,"2016",8.06,2.911,27.9123,2.8217,7.0403,6.3501,5.3825,6.9999,1.00875,0.7953,1.3025,0.2881,3.40089316386122e-05
"KS","Nonprofit","2018",91,"Kansas",2913,8381,375,0.128733264675592,1.7531,6.5446,5.4972,0.2513,29.0497,3.3037,6.8067,7.2726,"2017",8.381,2.913,28.3318,2.964,7.2368,6.5861,5.8711,6.7791,1.0022,1.00875,1.6963,0.3212,3.12392722279437e-05
"KS","Nonprofit","2019",93,"Kansas",2913,8745,364,0.124957088911775,2.2132,7.7502,5.544,0.537,28.7126,4.3061,6.6831,7.2858,"2018",8.745,2.913,29.0497,3.3037,7.2726,6.8067,5.4972,6.5446,1.3751,1.0022,1.7531,0.2513,3.19258496395469e-05
"KY","Nonprofit","2015",182,"Kentucky",4429,8306,1235,0.27884398284037,1.6932,7.1327,5.947,0.5853,NA,NA,NA,NA,"2014",8.306,4.429,NA,NA,NA,NA,5.8569,6.8634,1.13925,1.1076,1.6734,0.5418,4.10927974712125e-05
"KY","Nonprofit","2016",186,"Kentucky",4440,8611,1304,0.293693693693694,1.7537,7.1139,5.7121,0.5116,23.7816,3.2875,6.9593,8.1006,"2015",8.611,4.44,NA,NA,NA,NA,5.947,7.1327,1.13265,1.13925,1.6932,0.5853,4.18918918918919e-05
"KY","Nonprofit","2017",186,"Kentucky",4456,8959,1350,0.302962298025135,1.7033,7.946,5.2802,0.4066,23.3939,3.0287,6.6252,7.4728,"2016",8.959,4.456,23.7816,3.2875,8.1006,6.9593,5.7121,7.1139,1.05495,1.13265,1.7537,0.5116,4.17414721723519e-05
"KY","Nonprofit","2018",204,"Kentucky",4464,9332,1322,0.296146953405018,1.8453,8.4228,4.9593,0.4368,21.9734,3.2982,6.4532,7.4566,"2017",9.332,4.464,23.3939,3.0287,7.4728,6.6252,5.2802,7.946,1.14105,1.05495,1.7033,0.4066,4.56989247311828e-05
"KY","Nonprofit","2019",217,"Kentucky",4472,9744,1281,0.286449016100179,2.0971,10.107,5.4472,0.4334,23.23,3.2273,6.9712,7.8683,"2018",9.744,4.472,21.9734,3.2982,7.4566,6.4532,4.9593,8.4228,1.26525,1.14105,1.8453,0.4368,4.85241502683363e-05
"LA","Nonprofit","2015",55,"Louisiana",4667,8201,1270,0.272123419755732,1.8777,6.4257,7.0396,0.1693,NA,NA,NA,NA,"2014",8.201,4.667,NA,NA,NA,NA,6.4005,6.1745,1.0235,1.0293,1.7473,0.3113,1.17848725091065e-05
"LA","Nonprofit","2016",54,"Louisiana",4681,8542,1393,0.297585985900449,1.8407,6.9367,6.9264,0.232,28.5067,3.9174,7.8844,8.4844,"2015",8.542,4.681,NA,NA,NA,NA,7.0396,6.4257,1.03635,1.0235,1.8777,0.1693,1.15359965819269e-05
"LA","Nonprofit","2017",41,"Louisiana",4674,8984,1508,0.322635857937527,1.5476,7.8025,6.5703,0.2379,28.9845,3.5715,7.6103,8.4561,"2016",8.984,4.674,28.5067,3.9174,8.4844,7.8844,6.9264,6.9367,0.89275,1.03635,1.8407,0.232,8.7719298245614e-06
"LA","Nonprofit","2018",41,"Louisiana",4664,9217,1502,0.322041166380789,1.6242,7.959,6.8975,0.2238,28.3297,3.4671,7.872,8.6932,"2017",9.217,4.664,28.9845,3.5715,8.4561,7.6103,6.5703,7.8025,0.924,0.89275,1.5476,0.2379,8.79073756432247e-06
"LA","Nonprofit","2019",35,"Louisiana",4658,9657,1484,0.31859167024474,1.9708,8.0259,6.0422,0.307,28.0988,3.3442,7.2425,8.0628,"2018",9.657,4.658,28.3297,3.4671,8.6932,7.872,6.8975,7.959,1.1389,0.924,1.6242,0.2238,7.51395448690425e-06
"MA","Nonprofit","2015",240,"Massachusetts",6797,11010,1591,0.234073856112991,2.61,11.9083,7.0388,0.2458,NA,NA,NA,NA,"2014",11.01,6.797,NA,NA,NA,NA,7.0033,12.0134,1.4279,1.43375,2.4967,0.3708,3.53096954538767e-05
"MA","Nonprofit","2016",263,"Massachusetts",6827,11490,1633,0.239197304819101,2.9919,12.1356,7.9678,0.3949,30.5206,3.8913,9.1589,10.3102,"2015",11.49,6.827,NA,NA,NA,NA,7.0388,11.9083,1.6934,1.4279,2.61,0.2458,3.85235095942581e-05
"MA","Nonprofit","2017",257,"Massachusetts",6864,11746,1601,0.233245920745921,3.2682,13.781,7.5628,0.4568,33.6684,4.439,9.1543,10.127,"2016",11.746,6.864,30.5206,3.8913,10.3102,9.1589,7.9678,12.1356,1.8625,1.6934,2.9919,0.3949,3.74417249417249e-05
"MA","Nonprofit","2018",275,"Massachusetts",6886,12215,1600,0.232355503920999,3.1178,13.9824,7.1025,0.566,32.7729,4.1722,8.3353,9.3401,"2017",12.215,6.886,33.6684,4.439,10.127,9.1543,7.5628,13.781,1.8419,1.8625,3.2682,0.4568,3.99361022364217e-05
"MA","Nonprofit","2019",289,"Massachusetts",6895,12729,1522,0.220739666424946,2.4041,15.3623,6.4816,0.4125,30.4929,3.8748,7.8927,8.8304,"2018",12.729,6.895,32.7729,4.1722,9.3401,8.3353,7.1025,13.9824,1.4083,1.8419,3.1178,0.566,4.19144307469181e-05
"MD","Nonprofit","2015",132,"Maryland",5989,9001,1167,0.194857238270162,1.6109,9.6645,6.9675,0.9514,NA,NA,NA,NA,"2014",9.001,5.989,NA,NA,NA,NA,7.0604,8.6053,1.28115,0.9606,1.4408,0.4804,2.20404074135916e-05
"MD","Nonprofit","2016",146,"Maryland",6007,9321,1224,0.2037622773431,1.9423,10.4673,6.3409,0.579,27.7711,3.3524,7.7361,8.6187,"2015",9.321,6.007,NA,NA,NA,NA,6.9675,9.6645,1.26065,1.28115,1.6109,0.9514,2.43049775262194e-05
"MD","Nonprofit","2017",138,"Maryland",6028,9592,1317,0.218480424684804,2.2861,11.0364,5.7614,0.584,25.66,3.4327,7.153,7.8926,"2016",9.592,6.028,27.7711,3.3524,8.6187,7.7361,6.3409,10.4673,1.43505,1.26065,1.9423,0.579,2.28931652289317e-05
"MD","Nonprofit","2018",139,"Maryland",6042,9934,1314,0.217477656405164,2.0766,10.1857,5.1042,0.3665,26.666,3.3387,6.3221,6.8914,"2017",9.934,6.042,25.66,3.4327,7.8926,7.153,5.7614,11.0364,1.22155,1.43505,2.2861,0.584,2.30056272757365e-05
"MD","Nonprofit","2019",130,"Maryland",6055,10248,1324,0.218662262592898,1.8761,11.3739,5.2084,0.2568,27.7363,3.4284,6.3767,7.0108,"2018",10.248,6.055,26.666,3.3387,6.8914,6.3221,5.1042,10.1857,1.06645,1.22155,2.0766,0.3665,2.14698596201486e-05
"ME","Nonprofit","2015",98,"Maine",1329,9591,305,0.229495861550038,1.8846,13.9832,5.5744,0.6197,NA,NA,NA,NA,"2014",9.591,1.329,NA,NA,NA,NA,5.9699,12.9143,1.25215,1.00395,1.4881,0.5198,7.3739653875094e-05
"ME","Nonprofit","2016",90,"Maine",1332,10018,301,0.225975975975976,1.9079,15.1183,5.9669,0.517,26.3735,2.7584,7.3846,7.8515,"2015",10.018,1.332,NA,NA,NA,NA,5.5744,13.9832,1.21245,1.25215,1.8846,0.6197,6.75675675675676e-05
"ME","Nonprofit","2017",89,"Maine",1336,10399,295,0.220808383233533,1.9594,16.308,5.9084,0.5457,25.0183,3.0357,7.945,8.3604,"2016",10.399,1.336,26.3735,2.7584,7.8515,7.3846,5.9669,15.1183,1.25255,1.21245,1.9079,0.517,6.66167664670659e-05
"ME","Nonprofit","2018",85,"Maine",1340,10950,287,0.214179104477612,2.1579,17.0937,6.4512,0.7006,23.7146,3.1375,8.5391,9.2746,"2017",10.95,1.34,25.0183,3.0357,8.3604,7.945,5.9084,16.308,1.42925,1.25255,1.9594,0.5457,6.34328358208955e-05
"ME","Nonprofit","2019",79,"Maine",1346,11488,306,0.227340267459138,2.08,18.13,5.9538,0.6085,23.4103,3.283,8.2033,8.8925,"2018",11.488,1.346,23.7146,3.1375,9.2746,8.5391,6.4512,17.0937,1.34425,1.42925,2.1579,0.7006,5.86924219910847e-05
"MI","Nonprofit","2015",255,"Michigan",9934,8372,2410,0.242601167706865,1.3255,10.2894,5.9693,0.3934,NA,NA,NA,NA,"2014",8.372,9.934,NA,NA,NA,NA,6.4925,10.404,0.85945,0.7241,1.1197,0.3285,2.5669418159855e-05
"MI","Nonprofit","2016",255,"Michigan",9954,8707,2526,0.253767329716697,1.5482,10.8094,6.1015,0.3814,27.3614,3.453,7.6109,8.0753,"2015",8.707,9.954,NA,NA,NA,NA,5.9693,10.2894,0.9648,0.85945,1.3255,0.3934,2.56178420735383e-05
"MI","Nonprofit","2017",240,"Michigan",9977,8940,2338,0.234338979653202,1.8243,12.002,5.8576,0.3331,27.1403,3.7952,7.263,7.9349,"2016",8.94,9.977,27.3614,3.453,8.0753,7.6109,6.1015,10.8094,1.0787,0.9648,1.5482,0.3814,2.40553272526812e-05
"MI","Nonprofit","2018",239,"Michigan",9987,9142,2632,0.263542605387003,2.0847,13.0815,5.6752,0.2352,28.2307,3.7191,6.8894,7.4743,"2017",9.142,9.987,27.1403,3.7952,7.9349,7.263,5.8576,12.002,1.15995,1.0787,1.8243,0.3331,2.39311104435766e-05
"MI","Nonprofit","2019",244,"Michigan",9985,9532,2600,0.260390585878818,1.9569,14.4238,6.1202,0.3498,28.4531,3.7726,7.1115,7.565,"2018",9.532,9.985,28.2307,3.7191,7.4743,6.8894,5.6752,13.0815,1.15335,1.15995,2.0847,0.2352,2.44366549824737e-05
"MN","Nonprofit","2015",163,"Minnesota",5484,9163,1211,0.220824215900802,1.6152,7.738,6.7532,0.3736,NA,NA,NA,NA,"2014",9.163,5.484,NA,NA,NA,NA,6.7233,7.3354,0.9944,0.7839,1.309,0.2588,2.97228300510576e-05
"MN","Nonprofit","2016",161,"Minnesota",5525,9540,1237,0.223891402714932,1.8825,7.4705,6.0909,0.3159,30.2872,3.189,6.9912,7.9865,"2015",9.54,5.525,NA,NA,NA,NA,6.7532,7.738,1.0992,0.9944,1.6152,0.3736,2.91402714932127e-05
"MN","Nonprofit","2017",151,"Minnesota",5569,9782,1197,0.214939845573712,1.8203,7.9063,5.4074,0.2505,28.5005,3.2261,6.1947,6.973,"2016",9.782,5.569,30.2872,3.189,7.9865,6.9912,6.0909,7.4705,1.0354,1.0992,1.8825,0.3159,2.71143831926737e-05
"MN","Nonprofit","2018",163,"Minnesota",5609,10174,1159,0.206632198252808,2.5935,9.8126,5.5727,0.3645,28.3274,3.5352,6.7506,7.2397,"2017",10.174,5.609,28.5005,3.2261,6.973,6.1947,5.4074,7.9063,1.479,1.0354,1.8203,0.2505,2.90604385808522e-05
"MN","Nonprofit","2019",173,"Minnesota",5640,10510,1124,0.199290780141844,2.3146,10.3128,6.0573,0.321,29.1785,3.2684,7.2929,7.6233,"2018",10.51,5.64,28.3274,3.5352,7.2397,6.7506,5.5727,9.8126,1.3178,1.479,2.5935,0.3645,3.06737588652482e-05
"MO","Nonprofit","2015",193,"Missouri",6075,8261,1076,0.177119341563786,1.4339,8.1698,6.5394,0.2611,NA,NA,NA,NA,"2014",8.261,6.075,NA,NA,NA,NA,6.7544,8.1361,0.8475,0.74195,1.2114,0.2725,3.17695473251029e-05
"MO","Nonprofit","2016",205,"Missouri",6091,8608,1174,0.192743391889673,1.3721,8.3202,6.1682,0.3569,27.0393,3.0905,7.29,7.9851,"2015",8.608,6.091,NA,NA,NA,NA,6.5394,8.1698,0.8645,0.8475,1.4339,0.2611,3.36562140863569e-05
"MO","Nonprofit","2017",185,"Missouri",6111,8824,1183,0.193585337915235,1.706,8.6844,5.6799,0.3226,27.199,3.3418,6.841,7.656,"2016",8.824,6.111,27.0393,3.0905,7.9851,7.29,6.1682,8.3202,1.0143,0.8645,1.3721,0.3569,3.02732776959581e-05
"MO","Nonprofit","2018",201,"Missouri",6126,9032,1129,0.184296441397323,1.5507,8.8062,5.3558,0.2797,26.0017,2.9913,6.8012,7.5682,"2017",9.032,6.126,27.199,3.3418,7.656,6.841,5.6799,8.6844,0.9152,1.0143,1.706,0.3226,3.28109696376102e-05
"MO","Nonprofit","2019",209,"Missouri",6140,9431,1025,0.166938110749186,1.4224,9.3017,5.5559,0.3032,25.9697,3.0089,7.1108,7.7089,"2018",9.431,6.14,26.0017,2.9913,7.5682,6.8012,5.3558,8.8062,0.8628,0.9152,1.5507,0.2797,3.40390879478827e-05
"MS","Nonprofit","2015",45,"Mississippi",2990,7777,751,0.251170568561873,1.0754,5.3619,5.4831,0.1564,NA,NA,NA,NA,"2014",7.777,2.99,NA,NA,NA,NA,6.1892,5.874,0.6159,0.62455,1.0508,0.1983,1.50501672240803e-05
"MS","Nonprofit","2016",52,"Mississippi",2991,8170,754,0.252089602139753,1.3841,5.7715,4.8791,0.2413,20.8856,3.3454,6.1848,6.6935,"2015",8.17,2.991,NA,NA,NA,NA,5.4831,5.3619,0.8127,0.6159,1.0754,0.1564,1.73854898027416e-05
"MS","Nonprofit","2017",51,"Mississippi",2991,8392,746,0.249414911400869,1.4069,7.1683,4.7694,0.2321,22.4778,3.3961,5.9915,6.7684,"2016",8.392,2.991,20.8856,3.3454,6.6935,6.1848,4.8791,5.7715,0.8195,0.8127,1.3841,0.2413,1.70511534603811e-05
"MS","Nonprofit","2018",53,"Mississippi",2983,8417,711,0.238350653704325,1.5964,7.2055,4.7119,0.2237,23.2887,3.257,6.0417,6.7734,"2017",8.417,2.983,22.4778,3.3961,6.7684,5.9915,4.7694,7.1683,0.91005,0.8195,1.4069,0.2321,1.77673483070734e-05
"MS","Nonprofit","2019",54,"Mississippi",2978,8745,701,0.235392881128274,1.6601,8.1229,5.1465,0.2445,22.234,3.086,6.5155,7.1463,"2018",8.745,2.978,23.2887,3.257,6.7734,6.0417,4.7119,7.2055,0.9523,0.91005,1.5964,0.2237,1.81329751511081e-05
"MT","Nonprofit","2015",39,"Montana",1031,8344,131,0.127061105722599,1.5722,11.3184,7.366,0.1826,NA,NA,NA,NA,"2014",8.344,1.031,NA,NA,NA,NA,8.0422,10.1997,0.8774,0.76895,1.2906,0.2473,3.7827352085354e-05
"MT","Nonprofit","2016",38,"Montana",1042,8680,209,0.200575815738964,1.8707,12.3598,7.6467,0.3424,30.1344,3.1848,8.5093,9.1383,"2015",8.68,1.042,NA,NA,NA,NA,7.366,11.3184,1.10655,0.8774,1.5722,0.1826,3.6468330134357e-05
"MT","Nonprofit","2017",41,"Montana",1054,9030,241,0.22865275142315,2.0008,13.3965,8.0118,0.3571,31.3101,3.6492,8.567,9.2285,"2016",9.03,1.054,30.1344,3.1848,9.1383,8.5093,7.6467,12.3598,1.17895,1.10655,1.8707,0.3424,3.8899430740038e-05
"MT","Nonprofit","2018",38,"Montana",1062,9354,257,0.241996233521657,2.0263,14.906,7.8748,0.3205,29.1211,3.6617,8.7773,9.4065,"2017",9.354,1.062,31.3101,3.6492,9.2285,8.567,8.0118,13.3965,1.1734,1.17895,2.0008,0.3571,3.57815442561205e-05
"MT","Nonprofit","2019",44,"Montana",1070,9808,253,0.236448598130841,2.2526,15.3997,7.9242,0.3912,29.4223,3.7898,9.5913,10.0419,"2018",9.808,1.07,29.1211,3.6617,9.4065,8.7773,7.8748,14.906,1.3219,1.1734,2.0263,0.3205,4.11214953271028e-05
"NC","Nonprofit","2015",184,"North Carolina",10037,7594,1790,0.178340141476537,1.9261,7.4308,5.6234,0.2132,NA,NA,NA,NA,"2014",7.594,10.037,NA,NA,NA,NA,6.5076,6.7237,1.06965,0.93555,1.5336,0.3375,1.83321709674205e-05
"NC","Nonprofit","2016",194,"North Carolina",10162,7886,1897,0.186675851210392,2.0331,7.9157,4.9597,0.3693,23.0938,3.5804,6.0525,7.0255,"2015",7.886,10.162,NA,NA,NA,NA,5.6234,7.4308,1.2012,1.06965,1.9261,0.2132,1.90907301712261e-05
"NC","Nonprofit","2017",184,"North Carolina",10276,8105,1973,0.19200077851304,2.0068,8.117,4.6949,0.4921,21.9652,3.3567,5.8183,6.5408,"2016",8.105,10.276,23.0938,3.5804,7.0255,6.0525,4.9597,7.9157,1.24945,1.2012,2.0331,0.3693,1.79057999221487e-05
"NC","Nonprofit","2018",196,"North Carolina",10391,8285,2010,0.193436627851025,1.9919,7.9077,5.1037,0.2921,23.2363,3.04,6.4377,6.9509,"2017",8.285,10.391,21.9652,3.3567,6.5408,5.8183,4.6949,8.117,1.142,1.24945,2.0068,0.4921,1.8862477143682e-05
"NC","Nonprofit","2019",201,"North Carolina",10501,8619,2011,0.19150557089801,2.0952,9.3906,5.4638,0.3055,25.712,3.1607,6.8624,7.2571,"2018",8.619,10.501,23.2363,3.04,6.9509,6.4377,5.1037,7.9077,1.20035,1.142,1.9919,0.2921,1.91410341872203e-05
"ND","Nonprofit","2015",17,"North Dakota",756,9357,84,0.111111111111111,1.2403,5.9227,7.441,0.2217,NA,NA,NA,NA,"2014",9.357,0.756,NA,NA,NA,NA,8.1495,5.791,0.731,0.8467,1.3527,0.3407,2.24867724867725e-05
"ND","Nonprofit","2016",14,"North Dakota",756,9682,93,0.123015873015873,1.2736,5.6081,7.3424,0.3345,34.1543,2.7755,8.4327,8.9826,"2015",9.682,0.756,NA,NA,NA,NA,7.441,5.9227,0.80405,0.731,1.2403,0.2217,1.85185185185185e-05
"ND","Nonprofit","2017",22,"North Dakota",757,9961,93,0.122853368560106,1.5977,6.5705,6.9673,0.4955,33.5157,3.0282,7.9039,8.5959,"2016",9.961,0.757,34.1543,2.7755,8.9826,8.4327,7.3424,5.6081,1.0466,0.80405,1.2736,0.3345,2.90620871862616e-05
"ND","Nonprofit","2018",21,"North Dakota",760,10269,92,0.121052631578947,1.5802,7.8712,6.9379,0.3896,34.0701,3.0454,8.1033,8.7948,"2017",10.269,0.76,33.5157,3.0282,8.5959,7.9039,6.9673,6.5705,0.9849,1.0466,1.5977,0.4955,2.76315789473684e-05
"ND","Nonprofit","2019",23,"North Dakota",764,10653,89,0.116492146596859,1.5358,7.9545,6.8329,0.3347,32.9841,3.2126,8.2897,8.8839,"2018",10.653,0.764,34.0701,3.0454,8.7948,8.1033,6.9379,7.8712,0.93525,0.9849,1.5802,0.3896,3.01047120418848e-05
"NE","Nonprofit","2015",80,"Nebraska",1892,8579,218,0.115221987315011,1.4581,6.3974,7.3369,0.2245,NA,NA,NA,NA,"2014",8.579,1.892,NA,NA,NA,NA,8.0299,5.8121,0.8413,0.77125,1.2341,0.3084,4.22832980972516e-05
"NE","Nonprofit","2016",86,"Nebraska",1906,8943,227,0.11909758656873,1.4885,7.3683,6.2537,0.2586,31.2796,3.1899,7.3149,8.2274,"2015",8.943,1.906,NA,NA,NA,NA,7.3369,6.3974,0.87355,0.8413,1.4581,0.2245,4.51206715634837e-05
"NE","Nonprofit","2017",79,"Nebraska",1917,9189,232,0.121022430881586,1.797,7.892,6.1918,0.2396,31.4605,2.9343,7.1041,8.0844,"2016",9.189,1.917,31.2796,3.1899,8.2274,7.3149,6.2537,7.3683,1.0183,0.87355,1.4885,0.2586,4.12102243088159e-05
"NE","Nonprofit","2018",76,"Nebraska",1926,9492,235,0.122014537902388,1.9769,8.431,6.2535,0.2415,31.8315,3.0043,7.4281,8.0106,"2017",9.492,1.926,31.4605,2.9343,8.0844,7.1041,6.1918,7.892,1.1092,1.0183,1.797,0.2396,3.9460020768432e-05
"NE","Nonprofit","2019",81,"Nebraska",1933,9917,231,0.119503362648733,1.8362,8.617,6.1184,0.2634,31.8385,2.703,7.0697,7.7126,"2018",9.917,1.933,31.8315,3.0043,8.0106,7.4281,6.2535,8.431,1.0498,1.1092,1.9769,0.2415,4.19037765131919e-05
"NH","Nonprofit","2015",34,"New Hampshire",1337,9763,184,0.137621540762902,3.2772,12.3054,7.6193,0.6581,NA,NA,NA,NA,"2014",9.763,1.337,NA,NA,NA,NA,7.9816,11.6647,1.96765,1.5981,2.6362,0.56,2.54300673148841e-05
"NH","Nonprofit","2016",32,"New Hampshire",1344,10157,203,0.151041666666667,2.9328,12.4248,6.3619,0.9371,30.0367,4.0219,7.9343,8.6588,"2015",10.157,1.344,NA,NA,NA,NA,7.6193,12.3054,1.93495,1.96765,3.2772,0.6581,2.38095238095238e-05
"NH","Nonprofit","2017",31,"New Hampshire",1350,10573,202,0.14962962962963,2.3197,13.2791,6.5095,0.729,30.6347,3.756,8.1277,8.6858,"2016",10.573,1.35,30.0367,4.0219,8.6588,7.9343,6.3619,12.4248,1.52435,1.93495,2.9328,0.9371,2.2962962962963e-05
"NH","Nonprofit","2018",36,"New Hampshire",1355,10974,193,0.142435424354244,2.8855,14.7243,7.0845,0.4435,31.6094,3.5119,8.5781,9.0947,"2017",10.974,1.355,30.6347,3.756,8.6858,8.1277,6.5095,13.2791,1.6645,1.52435,2.3197,0.729,2.65682656826568e-05
"NH","Nonprofit","2019",40,"New Hampshire",1361,11310,187,0.1373989713446,2.8104,14.564,6.8546,0.3209,29.8471,3.3705,8.2095,8.837,"2018",11.31,1.361,31.6094,3.5119,9.0947,8.5781,7.0845,14.7243,1.56565,1.6645,2.8855,0.4435,2.93901542983101e-05
"NJ","Nonprofit","2015",210,"New Jersey",8870,9483,1694,0.19098083427283,1.829,7.0252,5.9677,0.7339,NA,NA,NA,NA,"2014",9.483,8.87,NA,NA,NA,NA,6.8158,6.2942,1.28145,0.94635,1.4115,0.4812,2.36753100338219e-05
"NJ","Nonprofit","2016",197,"New Jersey",8874,9979,1726,0.194500788821276,2.0644,6.8745,5.0994,0.5512,25.0628,2.9909,6.033,6.5262,"2015",9.979,8.874,NA,NA,NA,NA,5.9677,7.0252,1.3078,1.28145,1.829,0.7339,2.21996844714897e-05
"NJ","Nonprofit","2017",175,"New Jersey",8888,10340,1740,0.195769576957696,2.0066,7.3461,5.0333,0.4878,26.089,2.823,5.9935,6.5158,"2016",10.34,8.888,25.0628,2.9909,6.5262,6.033,5.0994,6.8745,1.2472,1.3078,2.0644,0.5512,1.96894689468947e-05
"NJ","Nonprofit","2018",180,"New Jersey",8892,10665,1702,0.191408007197481,1.5824,8.1138,5.0705,0.6631,27.7054,2.6904,6.7618,7.0116,"2017",10.665,8.892,26.089,2.823,6.5158,5.9935,5.0333,7.3461,1.12275,1.2472,2.0066,0.4878,2.02429149797571e-05
"NJ","Nonprofit","2019",178,"New Jersey",8891,11264,1630,0.18333145877854,1.7112,9.2167,4.6139,0.4441,27.3092,2.5774,6.2941,6.7056,"2018",11.264,8.891,27.7054,2.6904,7.0116,6.7618,5.0705,8.1138,1.07765,1.12275,1.5824,0.6631,2.0020245191767e-05
"NM","Nonprofit","2015",72,"New Mexico",2090,7418,841,0.402392344497608,2.0405,10.3081,7.2761,0.196,NA,NA,NA,NA,"2014",7.418,2.09,NA,NA,NA,NA,7.3666,9.7262,1.11825,1.31445,2.3029,0.326,3.44497607655502e-05
"NM","Nonprofit","2016",69,"New Mexico",2093,7717,924,0.441471571906354,1.9753,10.6101,7.4319,0.3944,27.6848,3.6039,8.5808,9.0934,"2015",7.717,2.093,NA,NA,NA,NA,7.2761,10.3081,1.18485,1.11825,2.0405,0.196,3.2967032967033e-05
"NM","Nonprofit","2017",60,"New Mexico",2093,7973,948,0.452938365981844,2.1515,12.1953,6.4151,0.3681,26.4168,3.8039,7.68,8.2202,"2016",7.973,2.093,27.6848,3.6039,9.0934,8.5808,7.4319,10.6101,1.2598,1.18485,1.9753,0.3944,2.86669851887243e-05
"NM","Nonprofit","2018",63,"New Mexico",2094,8154,895,0.427411652340019,2.2423,13.3379,5.5624,0.324,24.9196,3.111,6.8231,7.5312,"2017",8.154,2.094,26.4168,3.8039,8.2202,7.68,6.4151,12.1953,1.28315,1.2598,2.1515,0.3681,3.00859598853868e-05
"NM","Nonprofit","2019",81,"New Mexico",2100,8459,881,0.41952380952381,2.0004,12.6973,5.7329,0.325,22.9574,2.8871,7.1911,7.7043,"2018",8.459,2.1,24.9196,3.111,7.5312,6.8231,5.5624,13.3379,1.1627,1.28315,2.2423,0.324,3.85714285714286e-05
"NV","Nonprofit","2015",39,"Nevada",2869,6987,498,0.173579644475427,1.5415,7.8481,6.582,0.3526,NA,NA,NA,NA,"2014",6.987,2.869,NA,NA,NA,NA,7.1694,7.743,0.94705,0.975,1.6993,0.2507,1.35935866155455e-05
"NV","Nonprofit","2016",42,"Nevada",2920,7377,555,0.190068493150685,1.9615,8.2124,5.6077,0.36,26.4771,3.5165,7.0698,7.4423,"2015",7.377,2.92,NA,NA,NA,NA,6.582,7.8481,1.16075,0.94705,1.5415,0.3526,1.43835616438356e-05
"NV","Nonprofit","2017",41,"Nevada",2972,7642,564,0.189771197846568,2.5045,12.1074,5.9972,0.5361,25.4544,3.9408,7.9054,8.3234,"2016",7.642,2.972,26.4771,3.5165,7.4423,7.0698,5.6077,8.2124,1.5203,1.16075,1.9615,0.36,1.37954239569314e-05
"NV","Nonprofit","2018",42,"Nevada",3031,7892,558,0.184097657538766,2.4395,15.6385,5.8752,0.3616,24.8509,3.5971,8.2925,9.0002,"2017",7.892,3.031,25.4544,3.9408,8.3234,7.9054,5.9972,12.1074,1.40055,1.5203,2.5045,0.5361,1.38568129330254e-05
"NV","Nonprofit","2019",55,"Nevada",3091,8114,547,0.176965383371077,2.9641,16.7391,6.4602,0.2337,26.8709,3.8143,8.6186,9.3225,"2018",8.114,3.091,24.8509,3.5971,9.0002,8.2925,5.8752,15.6385,1.5989,1.40055,2.4395,0.3616,1.77935943060498e-05
"NY","Nonprofit","2015",642,"New York",19657,10305,5924,0.301368469247596,2.7053,9.7454,6.773,0.5584,NA,NA,NA,NA,"2014",10.305,19.657,NA,NA,NA,NA,6.9714,8.5956,1.63185,1.41885,2.4314,0.4063,3.26601210764613e-05
"NY","Nonprofit","2016",648,"New York",19636,10927,5867,0.298787940517417,2.5518,9.9042,6.4265,0.446,27.3461,3.528,7.4089,8.3287,"2015",10.927,19.636,NA,NA,NA,NA,6.773,9.7454,1.4989,1.63185,2.7053,0.5584,3.30006111224282e-05
"NY","Nonprofit","2017",596,"New York",19594,11558,5889,0.300551189139532,2.6459,9.7196,6.0239,0.3212,26.7813,3.4305,7.3512,8.0417,"2016",11.558,19.594,27.3461,3.528,8.3287,7.4089,6.4265,9.9042,1.48355,1.4989,2.5518,0.446,3.04174747371644e-05
"NY","Nonprofit","2018",637,"New York",19544,12098,5872,0.300450266066312,2.8241,10.047,5.6512,0.2991,25.4761,3.422,7.0085,7.567,"2017",12.098,19.544,26.7813,3.4305,8.0417,7.3512,6.0239,9.7196,1.5616,1.48355,2.6459,0.3212,3.25931232091691e-05
"NY","Nonprofit","2019",664,"New York",19463,12932,5834,0.299748240250732,2.712,11.3633,5.4769,0.3203,24.8777,3.3275,6.9364,7.4328,"2018",12.932,19.463,25.4761,3.422,7.567,7.0085,5.6512,10.047,1.51615,1.5616,2.8241,0.2991,3.41160150028259e-05
"OH","Nonprofit","2015",298,"Ohio",11622,8754,2968,0.255377731887799,1.5433,7.8167,6.8857,0.4083,NA,NA,NA,NA,"2014",8.754,11.622,NA,NA,NA,NA,7.0737,7.0232,0.9758,0.96575,1.4852,0.4463,2.56410256410256e-05
"OH","Nonprofit","2016",325,"Ohio",11640,9062,3028,0.260137457044674,1.7805,9.212,6.4726,0.4389,28.2953,3.1825,7.4997,8.2532,"2015",9.062,11.64,NA,NA,NA,NA,6.8857,7.8167,1.1097,0.9758,1.5433,0.4083,2.79209621993127e-05
"OH","Nonprofit","2017",316,"Ohio",11666,9400,3042,0.260757757586148,1.8933,8.8065,5.9948,0.4899,26.8574,3.2669,7.372,8.0459,"2016",9.4,11.666,28.2953,3.1825,8.2532,7.4997,6.4726,9.212,1.1916,1.1097,1.7805,0.4389,2.70872621292645e-05
"OH","Nonprofit","2018",350,"Ohio",11681,9627,2893,0.24766715178495,1.7021,8.5642,5.5016,0.5323,26.8735,3.2377,6.8737,7.6397,"2017",9.627,11.681,26.8574,3.2669,8.0459,7.372,5.9948,8.8065,1.1172,1.1916,1.8933,0.4899,2.99631880832121e-05
"OH","Nonprofit","2019",388,"Ohio",11697,10173,2781,0.237753270069249,1.8803,10.5966,5.4867,0.3824,26.7057,3.2425,6.9917,7.9392,"2018",10.173,11.697,26.8735,3.2377,7.6397,6.8737,5.5016,8.5642,1.13135,1.1172,1.7021,0.5323,3.31708985209883e-05
"OK","Nonprofit","2015",104,"Oklahoma",3911,7902,725,0.185374584505242,1.173,6.3326,6.628,0.2293,NA,NA,NA,NA,"2014",7.902,3.911,NA,NA,NA,NA,6.8378,6.2992,0.70115,0.6127,1.0261,0.1993,2.65916645359243e-05
"OK","Nonprofit","2016",103,"Oklahoma",3928,8132,688,0.175152749490835,1.4959,6.0742,5.8165,0.3343,22.8186,3.3087,6.4821,7.1509,"2015",8.132,3.928,NA,NA,NA,NA,6.628,6.3326,0.9151,0.70115,1.173,0.2293,2.62219959266802e-05
"OK","Nonprofit","2017",97,"Oklahoma",3934,8382,696,0.17691916624301,1.8328,7.0644,6.3264,0.4688,23.9271,3.3026,7.1173,7.7759,"2016",8.382,3.934,22.8186,3.3087,7.1509,6.4821,5.8165,6.0742,1.1508,0.9151,1.4959,0.3343,2.46568378240976e-05
"OK","Nonprofit","2018",107,"Oklahoma",3943,8625,667,0.169160537661679,2.102,7.7538,6.4003,0.3658,25.4297,3.6137,7.6452,8.5438,"2017",8.625,3.943,23.9271,3.3026,7.7759,7.1173,6.3264,7.0644,1.2339,1.1508,1.8328,0.4688,2.71366979457266e-05
"OK","Nonprofit","2019",110,"Oklahoma",3961,8923,658,0.16611966675082,1.759,10.5372,5.883,0.2918,23.1873,3.4613,7.4047,8.0107,"2018",8.923,3.961,25.4297,3.6137,8.5438,7.6452,6.4003,7.7538,1.0254,1.2339,2.102,0.3658,2.77707649583439e-05
"OR","Nonprofit","2015",138,"Oregon",4019,8438,1089,0.27096292610102,2.2682,13.0385,7.2868,0.3688,NA,NA,NA,NA,"2014",8.438,4.019,NA,NA,NA,NA,7.312,12.5908,1.3185,1.24005,2.1159,0.3642,3.43368997263001e-05
"OR","Nonprofit","2016",117,"Oregon",4093,8699,1087,0.265575372587344,2.6438,16.2565,7.4623,0.5011,25.0475,4.1246,9.6043,9.8847,"2015",8.699,4.093,NA,NA,NA,NA,7.2868,13.0385,1.57245,1.3185,2.2682,0.3688,2.85853896897141e-05
"OR","Nonprofit","2017",125,"Oregon",4147,8827,1026,0.247407764649144,3.1571,20.0373,7.8704,0.3956,26.732,4.6722,9.215,9.7615,"2016",8.827,4.147,25.0475,4.1246,9.8847,9.6043,7.4623,16.2565,1.77635,1.57245,2.6438,0.5011,3.01422715215819e-05
"OR","Nonprofit","2018",130,"Oregon",4184,9168,985,0.235420650095602,3.3008,19.6526,7.7291,0.4095,26.5376,4.2964,9.2305,9.9378,"2017",9.168,4.184,26.732,4.6722,9.7615,9.215,7.8704,20.0373,1.85515,1.77635,3.1571,0.3956,3.10707456978967e-05
"OR","Nonprofit","2019",125,"Oregon",4216,9635,992,0.235294117647059,3.0911,19.3978,7.3609,0.5165,26.0232,4.46,8.9273,9.7824,"2018",9.635,4.216,26.5376,4.2964,9.9378,9.2305,7.7291,19.6526,1.8038,1.85515,3.3008,0.4095,2.96489563567362e-05
"PA","Nonprofit","2015",311,"Pennsylvania",12790,9562,2677,0.209304143862392,1.721,7.8005,6.8189,0.586,NA,NA,NA,NA,"2014",9.562,12.79,NA,NA,NA,NA,7.0116,7.3078,1.1535,1.07395,1.6237,0.5242,2.43158717748241e-05
"PA","Nonprofit","2016",308,"Pennsylvania",12788,9980,3002,0.234751329371286,1.989,8.3831,5.9468,0.4683,29.8827,3.723,7.1767,7.8031,"2015",9.98,12.788,NA,NA,NA,NA,6.8189,7.8005,1.22865,1.1535,1.721,0.586,2.40850797622771e-05
"PA","Nonprofit","2017",284,"Pennsylvania",12795,10342,3051,0.238452520515826,2.1168,8.4714,5.2935,0.629,28.7834,3.4788,6.4102,7.2198,"2016",10.342,12.795,29.8827,3.723,7.8031,7.1767,5.9468,8.3831,1.3729,1.22865,1.989,0.4683,2.21961703790543e-05
"PA","Nonprofit","2018",323,"Pennsylvania",12809,10910,3030,0.236552424076821,2.2714,8.6599,5.4619,0.6392,28.0798,3.0547,6.4925,7.302,"2017",10.91,12.809,28.7834,3.4788,7.2198,6.4102,5.2935,8.4714,1.4553,1.3729,2.1168,0.629,2.5216644546803e-05
"PA","Nonprofit","2019",329,"Pennsylvania",12799,11175,3079,0.240565669192906,2.3109,10.1721,5.3861,0.4409,27.0601,2.9208,6.6001,7.3076,"2018",11.175,12.799,28.0798,3.0547,7.302,6.4925,5.4619,8.6599,1.3759,1.4553,2.2714,0.6392,2.57051332135323e-05
"RI","Nonprofit","2015",32,"Rhode Island",1057,9914,229,0.216650898770104,2.6847,13.2805,7.3563,0.434,NA,NA,NA,NA,"2014",9.914,1.057,NA,NA,NA,NA,8.1459,12.942,1.55935,1.2183,2.1277,0.3089,3.02743614001892e-05
"RI","Nonprofit","2016",35,"Rhode Island",1058,10159,242,0.228733459357278,2.9593,15.6336,7.2464,0.4722,30.2912,4.3673,8.7857,9.2161,"2015",10.159,1.058,NA,NA,NA,NA,7.3563,13.2805,1.71575,1.55935,2.6847,0.434,3.30812854442344e-05
"RI","Nonprofit","2017",31,"Rhode Island",1057,10290,264,0.249763481551561,2.8377,16.3013,7.1335,0.467,31.0824,4.4425,8.2505,8.7667,"2016",10.29,1.057,30.2912,4.3673,9.2161,8.7857,7.2464,15.6336,1.65235,1.71575,2.9593,0.4722,2.93282876064333e-05
"RI","Nonprofit","2018",36,"Rhode Island",1059,10464,262,0.247403210576015,2.7859,15.1725,7.0457,0.4388,29.499,4.2056,8.0424,8.7978,"2017",10.464,1.059,31.0824,4.4425,8.7667,8.2505,7.1335,16.3013,1.61235,1.65235,2.8377,0.467,3.39943342776204e-05
"RI","Nonprofit","2019",37,"Rhode Island",1058,10988,253,0.239130434782609,2.3975,15.9796,6.9213,0.3743,29.1985,4.0385,7.9888,8.9511,"2018",10.988,1.058,29.499,4.2056,8.7978,8.0424,7.0457,15.1725,1.3859,1.61235,2.7859,0.4388,3.49716446124764e-05
"SC","Nonprofit","2015",39,"South Carolina",4896,7446,1014,0.207107843137255,1.7402,8.2666,6.2713,0.2951,NA,NA,NA,NA,"2014",7.446,4.896,NA,NA,NA,NA,6.235,6.6141,1.01765,0.75475,1.2052,0.3043,7.9656862745098e-06
"SC","Nonprofit","2016",38,"South Carolina",4963,7669,1072,0.215998388071731,1.8203,6.8558,6.1129,0.2565,24.4292,3.7696,7.5015,8.0991,"2015",7.669,4.963,NA,NA,NA,NA,6.2713,8.2666,1.0384,1.01765,1.7402,0.2951,7.6566592786621e-06
"SC","Nonprofit","2017",38,"South Carolina",5027,7855,1100,0.218818380743982,2.0994,6.7738,5.8038,0.2021,25.2892,3.7595,7.1844,7.8626,"2016",7.855,5.027,24.4292,3.7696,8.0991,7.5015,6.1129,6.8558,1.15075,1.0384,1.8203,0.2565,7.55918042570121e-06
"SC","Nonprofit","2018",40,"South Carolina",5092,7975,1096,0.215239591516104,2.2272,8.5125,5.9579,0.2032,28.8326,3.6944,6.9972,7.6027,"2017",7.975,5.092,25.2892,3.7595,7.8626,7.1844,5.8038,6.7738,1.2152,1.15075,2.0994,0.2021,7.85545954438335e-06
"SC","Nonprofit","2019",44,"South Carolina",5158,8345,1115,0.216169057774331,1.5753,9.419,5.4998,0.2056,28.4523,3.3121,6.2905,6.7332,"2018",8.345,5.158,28.8326,3.6944,7.6027,6.9972,5.9579,8.5125,0.89045,1.2152,2.2272,0.2032,8.53043815432338e-06
"SD","Nonprofit","2015",37,"South Dakota",855,9627,113,0.132163742690058,1.0766,6.9882,7.8904,0.2871,NA,NA,NA,NA,"2014",9.627,0.855,NA,NA,NA,NA,8.1349,4.758,0.68185,0.5777,0.9594,0.196,4.32748538011696e-05
"SD","Nonprofit","2016",33,"South Dakota",864,10046,114,0.131944444444444,1.2669,7.6953,7.7282,0.3882,31.7324,3.2029,8.44,9.2897,"2015",10.046,0.864,NA,NA,NA,NA,7.8904,6.9882,0.82755,0.68185,1.0766,0.2871,3.81944444444444e-05
"SD","Nonprofit","2017",30,"South Dakota",874,10440,109,0.124713958810069,1.1976,7.2596,7.9427,0.2746,33.3565,3.2055,8.5409,9.5564,"2016",10.44,0.874,31.7324,3.2029,9.2897,8.44,7.7282,7.6953,0.7361,0.82755,1.2669,0.3882,3.4324942791762e-05
"SD","Nonprofit","2018",32,"South Dakota",879,11086,111,0.126279863481229,1.2155,7.3126,7.2362,0.2409,32.1223,2.9192,8.2643,9.1717,"2017",11.086,0.879,33.3565,3.2055,9.5564,8.5409,7.9427,7.2596,0.7282,0.7361,1.1976,0.2746,3.64050056882821e-05
"SD","Nonprofit","2019",33,"South Dakota",887,11627,109,0.122886133032694,1.166,6.4887,6.3561,0.2578,28.6342,2.4707,6.9023,7.6945,"2018",11.627,0.887,32.1223,2.9192,9.1717,8.2643,7.2362,7.3126,0.7119,0.7282,1.2155,0.2409,3.72040586245772e-05
"TN","Nonprofit","2015",157,"Tennessee",6595,7806,1546,0.234420015163002,1.6197,6.3807,5.6078,0.2742,NA,NA,NA,NA,"2014",7.806,6.595,NA,NA,NA,NA,5.6815,5.5273,0.94695,0.7268,1.1651,0.2885,2.3805913570887e-05
"TN","Nonprofit","2016",150,"Tennessee",6651,8065,1696,0.254999248233348,1.8129,7.9933,5.3751,0.2798,22.0022,3.6919,6.4381,7.1408,"2015",8.065,6.651,NA,NA,NA,NA,5.6078,6.3807,1.04635,0.94695,1.6197,0.2742,2.255299954894e-05
"TN","Nonprofit","2017",140,"Tennessee",6715,8485,1616,0.240655249441549,2.0085,8.2254,5.1405,0.3699,21.9609,3.5634,6.3783,6.9446,"2016",8.485,6.715,22.0022,3.6919,7.1408,6.4381,5.3751,7.9933,1.1892,1.04635,1.8129,0.2798,2.08488458674609e-05
"TN","Nonprofit","2018",142,"Tennessee",6778,8565,1544,0.227795809973443,2.0156,8.7911,4.8573,0.3494,21.3766,3.2832,6.3342,6.9536,"2017",8.565,6.778,21.9609,3.5634,6.9446,6.3783,5.1405,8.2254,1.1825,1.1892,2.0085,0.3699,2.09501327825317e-05
"TN","Nonprofit","2019",195,"Tennessee",6830,8827,1559,0.228257686676428,1.6432,9.0524,5.1652,0.329,22.5251,3.1674,6.4907,7.2213,"2018",8.827,6.83,21.3766,3.2832,6.9536,6.3342,4.8573,8.7911,0.9861,1.1825,2.0156,0.3494,2.85505124450952e-05
"TX","Nonprofit","2015",200,"Texas",27469,7217,4436,0.161491135461793,1.5013,6.0034,6.3104,0.1218,NA,NA,NA,NA,"2014",7.217,27.469,NA,NA,NA,NA,6.9518,5.919,0.81155,0.7927,1.409,0.1764,7.28093487203757e-06
"TX","Nonprofit","2016",212,"Texas",27914,7393,4569,0.163681306871104,1.5134,5.9125,5.4291,0.2244,25.9371,2.8489,6.601,6.9346,"2015",7.393,27.914,NA,NA,NA,NA,6.3104,6.0034,0.8689,0.81155,1.5013,0.1218,7.59475531991116e-06
"TX","Nonprofit","2017",187,"Texas",28291,7572,4597,0.162489837757591,1.5899,6.1124,4.9393,0.3285,25.6374,2.8563,6.0085,6.4433,"2016",7.572,28.291,25.9371,2.8489,6.9346,6.601,5.4291,5.9125,0.9592,0.8689,1.5134,0.2244,6.60987593227528e-06
"TX","Nonprofit","2018",196,"Texas",28625,7711,4488,0.156786026200873,1.5355,6.2135,4.7989,0.2261,26.2218,3.0324,5.9916,6.3359,"2017",7.711,28.625,25.6374,2.8563,6.4433,6.0085,4.9393,6.1124,0.8808,0.9592,1.5899,0.3285,6.8471615720524e-06
"TX","Nonprofit","2019",196,"Texas",28987,8028,4383,0.151205712905785,1.5952,7.3376,4.9471,0.1629,26.454,2.9911,6.1733,6.4805,"2018",8.028,28.987,26.2218,3.0324,6.3359,5.9916,4.7989,6.2135,0.87905,0.8808,1.5355,0.2261,6.76165177493359e-06
"UT","Nonprofit","2015",58,"Utah",2984,6112,317,0.106233243967828,0.939,5.1131,5.1498,0.2374,NA,NA,NA,NA,"2014",6.112,2.984,NA,NA,NA,NA,5.8611,5.6076,0.5882,0.74905,1.1863,0.3118,1.94369973190349e-05
"UT","Nonprofit","2016",60,"Utah",3044,6398,317,0.104139290407359,1.3442,5.3785,4.6218,0.3419,18.3224,3.4799,5.9114,6.3482,"2015",6.398,3.044,NA,NA,NA,NA,5.1498,5.1131,0.84305,0.5882,0.939,0.2374,1.97109067017083e-05
"UT","Nonprofit","2017",58,"Utah",3104,6628,303,0.0976159793814433,1.8497,6.4742,5.3266,0.4141,17.9973,3.212,6.5326,7.1903,"2016",6.628,3.104,18.3224,3.4799,6.3482,5.9114,4.6218,5.3785,1.1319,0.84305,1.3442,0.3419,1.86855670103093e-05
"UT","Nonprofit","2018",60,"Utah",3155,7008,293,0.0928684627575277,1.7635,6.2824,4.7874,0.3052,16.5956,2.9607,5.9147,6.4208,"2017",7.008,3.155,17.9973,3.212,7.1903,6.5326,5.3266,6.4742,1.03435,1.1319,1.8497,0.4141,1.90174326465927e-05
"UT","Nonprofit","2019",75,"Utah",3203,7193,290,0.0905401186387761,1.3809,6.68,4.5241,0.2987,17.9442,3.0857,6.0608,6.5594,"2018",7.193,3.203,16.5956,2.9607,6.4208,5.9147,4.7874,6.2824,0.8398,1.03435,1.7635,0.3052,2.34155479238214e-05
"VA","Nonprofit","2015",60,"Virginia",8367,7750,1025,0.122505079478905,1.313,6.7445,6.1166,0.3842,NA,NA,NA,NA,"2014",7.75,8.367,NA,NA,NA,NA,7.5037,6.9566,0.8486,1.01635,1.6788,0.3539,7.17102904266762e-06
"VA","Nonprofit","2016",49,"Virginia",8418,7987,1079,0.128177714421478,1.5898,7.0067,6.0587,0.4117,26.4414,2.9858,7.3506,7.7416,"2015",7.987,8.418,NA,NA,NA,NA,6.1166,6.7445,1.00075,0.8486,1.313,0.3842,5.82086006177239e-06
"VA","Nonprofit","2017",50,"Virginia",8471,8176,1119,0.132097745248495,2.0768,7.1018,5.8393,0.3933,25.3091,3.0853,7.4011,7.7779,"2016",8.176,8.471,26.4414,2.9858,7.7416,7.3506,6.0587,7.0067,1.23505,1.00075,1.5898,0.4117,5.90249085113918e-06
"VA","Nonprofit","2018",51,"Virginia",8511,8425,1159,0.136176712489719,1.9623,7.4344,5.5162,0.3748,24.5629,2.9777,6.9429,7.3231,"2017",8.425,8.511,25.3091,3.0853,7.7779,7.4011,5.8393,7.1018,1.16855,1.23505,2.0768,0.3933,5.99224532957349e-06
"VA","Nonprofit","2019",54,"Virginia",8557,8826,1340,0.156596938179268,1.9417,8.1341,5.4052,0.2837,24.5671,2.8955,6.9378,7.3317,"2018",8.826,8.557,24.5629,2.9777,7.3231,6.9429,5.5162,7.4344,1.1127,1.16855,1.9623,0.3748,6.31062288185112e-06
"VT","Nonprofit","2015",38,"Vermont",626,11010,195,0.311501597444089,2.8342,15.0801,7.3192,0.8266,NA,NA,NA,NA,"2014",11.01,0.626,NA,NA,NA,NA,7.4883,13.4012,1.8304,1.4391,2.3749,0.5033,6.0702875399361e-05
"VT","Nonprofit","2016",39,"Vermont",624,11246,197,0.315705128205128,3.1786,17.6004,7.1628,0.5911,28.5311,4.902,8.6027,9.5913,"2015",11.246,0.624,NA,NA,NA,NA,7.3192,15.0801,1.88485,1.8304,2.8342,0.8266,6.25e-05
"VT","Nonprofit","2017",35,"Vermont",625,11521,181,0.2896,3.7151,19.3045,7.654,0.5132,29.0183,4.9077,9.0713,9.99,"2016",11.521,0.625,28.5311,4.902,9.5913,8.6027,7.1628,17.6004,2.11415,1.88485,3.1786,0.5911,5.6e-05
"VT","Nonprofit","2018",36,"Vermont",625,11797,173,0.2768,3.6302,19.8438,7.7975,0.6978,29.2504,4.3962,9.439,10.5136,"2017",11.797,0.625,29.0183,4.9077,9.99,9.0713,7.654,19.3045,2.164,2.11415,3.7151,0.5132,5.76e-05
"VT","Nonprofit","2019",37,"Vermont",624,12159,164,0.262820512820513,3.2486,20.3004,7.1844,0.5852,27.5732,4.0573,8.8919,10.0974,"2018",12.159,0.624,29.2504,4.3962,10.5136,9.439,7.7975,19.8438,1.9169,2.164,3.6302,0.6978,5.92948717948718e-05
"WA","Nonprofit","2015",170,"Washington",7167,7904,1761,0.245709501883633,1.9512,11.4177,5.9693,0.428,NA,NA,NA,NA,"2014",7.904,7.167,NA,NA,NA,NA,6.9281,13.0639,1.1896,1.2101,2.0406,0.3796,2.37198269847914e-05
"WA","Nonprofit","2016",183,"Washington",7300,8097,1868,0.255890410958904,2.0529,12.4149,6.0592,0.4933,25.2841,3.6742,7.8475,8.4332,"2015",8.097,7.3,NA,NA,NA,NA,5.9693,11.4177,1.2731,1.1896,1.9512,0.428,2.50684931506849e-05
"WA","Nonprofit","2017",176,"Washington",7428,8278,1882,0.253365643511039,2.4876,15.9041,6.4504,0.459,24.4063,3.9659,8.2572,8.8863,"2016",8.278,7.428,25.2841,3.6742,8.4332,7.8475,6.0592,12.4149,1.4733,1.2731,2.0529,0.4933,2.36941303177167e-05
"WA","Nonprofit","2018",210,"Washington",7527,8588,1815,0.241131925069749,2.6376,17.0069,6.2076,0.3253,23.2685,3.597,7.8407,8.5284,"2017",8.588,7.527,24.4063,3.9659,8.8863,8.2572,6.4504,15.9041,1.48145,1.4733,2.4876,0.459,2.78995615783181e-05
"WA","Nonprofit","2019",214,"Washington",7614,8964,1803,0.236800630417652,2.4281,18.4853,6.1487,0.386,23.1492,3.8011,7.9727,8.6211,"2018",8.964,7.614,23.2685,3.597,8.5284,7.8407,6.2076,17.0069,1.40705,1.48145,2.6376,0.3253,2.81061203047019e-05
"WI","Nonprofit","2015",122,"Wisconsin",5763,8654,1075,0.186534790907513,1.6781,6.8192,7.7625,0.3374,NA,NA,NA,NA,"2014",8.654,5.763,NA,NA,NA,NA,8.1899,6.386,1.00775,1.1092,1.9354,0.283,2.11695297588062e-05
"WI","Nonprofit","2016",121,"Wisconsin",5775,8809,1098,0.19012987012987,1.4514,7.4227,7.6163,0.3186,32.5707,3.0135,8.5953,9.1005,"2015",8.809,5.775,NA,NA,NA,NA,7.7625,6.8192,0.885,1.00775,1.6781,0.3374,2.0952380952381e-05
"WI","Nonprofit","2017",117,"Wisconsin",5793,9019,1101,0.190056965302952,2.1589,8.0932,7.4278,0.4009,33.2947,3.0952,7.7604,8.5221,"2016",9.019,5.793,32.5707,3.0135,9.1005,8.5953,7.6163,7.4227,1.2799,0.885,1.4514,0.3186,2.01967892283791e-05
"WI","Nonprofit","2018",114,"Wisconsin",5809,9244,1088,0.187295575830608,2.4682,9.1712,7.3099,0.4511,32.3413,3.6161,7.8292,8.6798,"2017",9.244,5.809,33.2947,3.0952,8.5221,7.7604,7.4278,8.0932,1.45965,1.2799,2.1589,0.4009,1.96247202616629e-05
"WI","Nonprofit","2019",105,"Wisconsin",5825,9652,1085,0.186266094420601,2.1862,9.2893,6.5143,0.3707,32.2085,3.8187,7.4295,7.9835,"2018",9.652,5.825,32.3413,3.6161,8.6798,7.8292,7.3099,9.1712,1.27845,1.45965,2.4682,0.4511,1.80257510729614e-05
"WV","Nonprofit","2015",83,"West Virginia",1843,9947,561,0.304395008138904,1.6276,6.9969,5.7264,0.3792,NA,NA,NA,NA,"2014",9.947,1.843,NA,NA,NA,NA,6.5945,6.3662,1.0034,0.75565,1.246,0.2653,4.50352685838307e-05
"WV","Nonprofit","2016",81,"West Virginia",1832,10488,598,0.326419213973799,1.6213,6.8299,4.6761,0.6161,24.0595,2.9942,6.0249,6.3344,"2015",10.488,1.832,NA,NA,NA,NA,5.7264,6.9969,1.1187,1.0034,1.6276,0.3792,4.42139737991266e-05
"WV","Nonprofit","2017",78,"West Virginia",1819,11017,586,0.322155030236394,1.7455,7.78,4.6902,0.7454,22.927,3.0353,6.1291,6.4687,"2016",11.017,1.819,24.0595,2.9942,6.3344,6.0249,4.6761,6.8299,1.24545,1.1187,1.6213,0.6161,4.28807036833425e-05
"WV","Nonprofit","2018",81,"West Virginia",1806,11337,564,0.312292358803987,1.931,9.6951,4.5312,0.542,21.5975,3.101,6.1272,6.755,"2017",11.337,1.806,22.927,3.0353,6.4687,6.1291,4.6902,7.78,1.2365,1.24545,1.7455,0.7454,4.48504983388704e-05
"WV","Nonprofit","2019",81,"West Virginia",1795,11951,548,0.305292479108635,1.6992,9.6938,4.3499,0.3798,20.0995,2.7421,5.6451,6.286,"2018",11.951,1.795,21.5975,3.101,6.755,6.1272,4.5312,9.6951,1.0395,1.2365,1.931,0.542,4.5125348189415e-05
"WY","Nonprofit","2015",36,"Wyoming",586,8652,69,0.117747440273038,1.1236,6.2962,6.7113,0.3915,NA,NA,NA,NA,"2014",8.652,0.586,NA,NA,NA,NA,7.9489,6.329,0.75755,0.84155,1.2705,0.4126,6.14334470989761e-05
"WY","Nonprofit","2016",36,"Wyoming",585,8976,66,0.112820512820513,1.468,6.3126,6.917,0.3532,26.9186,3.1056,7.5966,8.4311,"2015",8.976,0.585,NA,NA,NA,NA,6.7113,6.2962,0.9106,0.75755,1.1236,0.3915,6.15384615384615e-05
"WY","Nonprofit","2017",28,"Wyoming",580,9496,64,0.110344827586207,1.6727,7.2369,6.7067,0.3361,25.6987,2.9603,7.3879,8.0458,"2016",9.496,0.58,26.9186,3.1056,8.4311,7.5966,6.917,6.3126,1.0044,0.9106,1.468,0.3532,4.82758620689655e-05
"WY","Nonprofit","2018",32,"Wyoming",579,9787,60,0.103626943005181,1.3886,7.8752,5.9066,0.2474,25.7213,2.6135,6.4814,7.2477,"2017",9.787,0.579,25.6987,2.9603,8.0458,7.3879,6.7067,7.2369,0.818,1.0044,1.6727,0.3361,5.52677029360967e-05
"WY","Nonprofit","2019",37,"Wyoming",580,10111,57,0.0982758620689655,1.7715,7.5297,6.8073,0.3013,26.8497,2.3341,6.8301,7.8404,"2018",10.111,0.58,25.7213,2.6135,7.2477,6.4814,5.9066,7.8752,1.0364,0.818,1.3886,0.2474,6.37931034482759e-05
